TP9,AF7,AF8,TP10
-4.883,26.855,82.52,-56.641
-7.324,28.809,-28.809,-64.453
-6.836,23.438,-69.824,-70.312
-6.348,24.414,122.559,-69.824
-8.789,32.715,126.465,-58.105
-5.371,35.645,40.039,-53.711
-5.371,33.203,-5.859,-67.383
-13.184,32.227,-53.223,-85.938
-13.672,30.762,114.258,-77.148
-5.859,30.273,166.504,-57.129
-4.395,28.32,101.562,-46.387
0.977,28.32,4.395,-43.945
1.953,34.668,-32.715,-65.918
-1.953,36.133,75.684,-75.195
1.953,36.133,103.516,-56.152
5.371,31.738,82.52,-45.41
4.395,35.156,21.973,-51.27
2.93,44.434,-35.645,-66.406
4.395,39.551,29.297,-69.824
1.465,35.645,118.652,-57.617
2.441,34.18,112.793,-47.363
4.883,33.691,61.523,-49.805
3.418,34.18,-83.496,-65.43
-1.953,30.273,17.578,-69.824
-6.836,27.344,164.551,-55.176
-8.789,27.344,91.309,-49.316
-13.184,29.297,27.344,-50.293
-14.16,32.227,-41.016,-66.895
-13.672,32.227,-2.441,-77.148
-7.812,33.203,53.223,-64.453
-4.395,33.691,126.953,-58.105
-10.254,32.715,102.051,-60.547
-11.23,34.668,-98.633,-72.266
-11.719,34.18,-27.832,-84.473
-13.672,29.297,166.504,-69.336
-11.719,28.32,97.168,-48.828
-10.254,27.832,68.848,-45.898
-11.719,23.926,-39.551,-56.641
-7.812,18.555,-42.48,-68.359
-2.441,17.578,77.148,-62.5
-1.465,21.973,71.777,-48.828
-0.488,27.344,11.23,-43.457
-3.418,31.25,-43.945,-52.246
-6.836,36.621,-75.684,-64.941
-2.441,34.18,70.801,-57.129
6.348,28.32,112.305,-35.156
9.277,31.25,40.039,-32.715
6.348,32.715,-54.199,-52.246
4.395,32.715,-84.473,-68.359
8.789,29.785,14.648,-58.594
6.836,24.902,61.523,-45.41
2.93,28.32,44.922,-47.852
3.418,33.203,-46.875,-54.199
1.465,33.203,-120.605,-64.941
0.488,30.273,-17.09,-66.406
9.766,28.32,65.43,-52.734
15.137,28.809,15.137,-48.34
4.395,29.297,-38.086,-58.594
-2.93,28.809,-75.684,-66.895
-5.859,25.879,11.23,-64.941
-1.953,26.855,43.457,-53.711
6.836,27.832,15.137,-45.898
8.301,25.391,-36.621,-49.316
4.395,22.949,-124.023,-64.453
5.371,24.902,-19.043,-66.895
8.789,26.367,49.316,-49.805
12.207,22.461,35.645,-35.645
16.113,25.391,44.922,-42.48
15.625,27.344,-156.738,-63.965
13.672,27.344,-128.906,-70.801
7.812,27.832,119.629,-60.059
2.441,26.367,74.707,-42.969
0.0,24.414,-28.809,-41.992
-6.348,27.344,-122.559,-60.547
-9.277,27.832,-69.824,-63.965
-2.441,26.855,33.203,-47.852
5.859,28.32,-12.207,-41.016
1.465,27.832,-57.129,-45.41
-0.977,30.273,-148.438,-55.176
14.648,33.203,-131.348,-57.617
8.789,28.809,56.152,-51.27
-7.812,23.926,11.719,-51.758
-1.953,19.043,-36.133,-53.223
2.441,17.578,-109.863,-59.57
-1.465,22.461,-122.07,-66.895
2.441,23.438,2.93,-61.035
13.672,21.484,34.668,-48.828
13.672,21.973,-8.301,-50.293
7.812,18.066,-125.977,-59.082
5.859,17.578,-149.902,-70.312
7.812,20.02,-24.902,-70.312
11.719,20.02,33.691,-55.664
17.578,24.902,-13.184,-51.758
18.066,23.926,-101.074,-62.012
15.625,22.949,-169.434,-81.543
20.508,23.926,-8.301,-81.543
22.461,25.391,88.867,-57.129
20.996,21.973,-27.832,-48.828
21.484,20.02,-109.375,-57.129
19.043,23.926,-104.492,-69.824
20.508,26.367,-15.625,-67.383
26.367,23.438,-16.602,-55.176
24.902,20.996,-29.785,-54.688
18.555,21.484,-23.438,-62.988
12.695,24.414,-150.879,-75.684
12.207,27.832,-91.309,-74.707
11.719,25.391,71.289,-59.57
6.836,22.461,-29.785,-52.734
5.859,24.414,-65.43,-58.594
5.859,25.879,-91.797,-67.871
8.301,23.926,-71.777,-69.824
12.695,23.926,41.016,-61.035
17.09,22.461,14.16,-52.246
17.578,21.484,-81.543,-49.805
13.184,29.785,-186.035,-58.594
11.719,32.227,-102.051,-67.871
13.672,32.227,87.402,-52.246
16.113,32.227,12.695,-35.645
16.113,30.762,-34.18,-41.504
12.695,33.203,-118.652,-57.617
10.254,30.273,-93.262,-66.406
13.672,28.809,27.832,-56.641
17.578,29.785,1.465,-38.574
16.113,27.344,-17.09,-45.41
11.23,26.367,-139.16,-65.43
12.207,26.367,-147.949,-77.148
18.066,30.273,22.949,-71.289
19.043,33.203,48.34,-56.641
14.648,32.227,-4.883,-49.805
8.301,30.762,-135.742,-62.988
2.93,28.32,-145.996,-77.148
5.859,30.273,13.672,-65.918
11.23,30.273,47.852,-49.316
12.695,24.902,0.0,-46.875
9.277,20.996,-111.816,-56.641
5.859,22.461,-137.695,-65.918
3.418,21.973,22.461,-59.082
1.465,18.555,63.965,-47.363
6.348,22.949,26.367,-48.828
5.371,28.809,-28.809,-56.152
-1.465,26.367,-150.879,-74.707
-0.488,20.996,2.441,-74.707
3.418,19.043,105.957,-52.246
6.348,19.531,19.531,-47.852
2.93,19.531,-46.875,-62.5
-5.859,19.043,-83.008,-72.754
-5.859,20.02,10.254,-66.406
-0.488,19.531,77.148,-54.199
3.418,18.555,26.855,-46.387
1.953,22.949,-50.781,-52.734
-0.977,25.391,-65.43,-73.242
0.0,21.484,20.508,-75.195
1.953,18.555,92.285,-61.035
-0.488,20.02,68.359,-50.781
0.0,19.531,40.039,-52.734
3.418,16.602,-110.352,-68.359
1.465,15.625,-15.137,-70.312
7.812,18.555,153.32,-50.293
10.742,17.578,85.938,-38.086
7.324,13.184,48.828,-46.875
6.836,16.602,-53.711,-61.523
9.766,22.949,-33.203,-63.477
10.254,20.508,101.074,-51.27
4.395,18.066,106.934,-42.969
4.883,24.414,59.082,-48.828
4.395,23.438,-73.242,-59.57
-1.953,18.066,-44.434,-72.754
-0.977,20.996,174.316,-62.5
-1.953,15.137,107.91,-44.434
-1.465,4.883,47.363,-39.551
-2.441,11.23,-36.133,-51.758
-15.137,23.926,-42.48,-77.148
-14.16,25.879,109.375,-72.754
-6.836,22.461,74.707,-55.176
-7.324,20.996,56.152,-58.594
-7.812,20.996,16.602,-70.801
-11.23,24.414,-84.473,-88.867
-12.207,24.414,97.168,-80.078
-7.812,21.973,168.457,-54.688
-4.395,17.578,25.391,-51.27
-4.395,12.695,-49.316,-60.059
-7.324,11.719,-41.016,-77.148
-5.859,14.648,76.172,-72.754
-3.906,16.113,131.836,-51.758
-4.883,19.043,62.988,-48.34
-3.418,20.02,-64.453,-58.594
-8.301,20.02,-31.25,-74.219
-2.441,24.902,129.395,-69.824
11.23,28.32,116.699,-46.875
11.23,26.855,68.848,-44.434
12.207,21.484,33.691,-53.711
13.184,20.996,-94.238,-67.871
10.254,23.926,20.996,-69.336
14.16,23.438,171.875,-56.152
15.625,25.391,78.125,-51.27
11.719,29.785,48.34,-53.223
6.836,30.273,-21.484,-60.059
12.695,26.367,31.25,-58.594
19.531,25.391,150.879,-45.41
19.531,26.855,132.324,-35.156
20.02,25.879,72.754,-35.156
14.16,23.438,-74.219,-52.734
12.695,24.902,19.531,-62.012
15.137,30.762,183.105,-48.34
18.066,31.738,117.188,-37.109
16.113,28.809,91.797,-42.48
8.301,25.879,-52.734,-54.688
3.906,24.414,27.344,-65.43
1.465,21.484,198.242,-62.988
5.859,18.555,112.793,-48.34
3.418,20.508,120.605,-47.363
-0.488,19.531,34.18,-62.012
6.836,18.555,34.18,-65.43
6.348,27.344,176.758,-52.246
-2.441,28.809,158.203,-40.527
-0.488,24.902,123.047,-39.062
2.441,24.414,-5.859,-52.246
0.977,22.461,22.461,-63.477
4.395,23.438,190.918,-54.688
7.324,23.438,182.129,-39.551
3.418,19.531,97.656,-40.039
-2.93,14.648,14.16,-53.711
-7.812,16.113,-22.461,-68.359
-8.301,20.508,122.559,-64.453
-8.301,21.973,239.746,-47.852
-11.719,20.996,131.348,-49.805
-10.742,20.02,44.922,-59.082
-12.695,19.043,47.363,-68.848
-11.23,20.02,132.324,-65.918
-5.859,24.414,140.137,-53.711
-6.348,20.996,118.652,-50.293
-6.836,22.949,41.016,-55.176
-2.93,29.297,-19.531,-67.871
-0.488,27.344,68.359,-64.941
0.0,25.391,164.062,-49.805
4.395,27.832,138.184,-40.039
6.836,26.855,81.543,-41.992
1.953,22.461,-47.852,-61.035
2.441,21.484,65.43,-57.617
8.301,22.949,246.094,-30.273
1.465,24.414,164.062,-35.645
-4.395,24.414,88.379,-55.176
-8.789,29.785,8.301,-68.359
-8.789,29.785,150.879,-72.754
-4.883,25.879,270.508,-61.035
-4.883,21.484,222.656,-51.758
-4.395,22.949,216.309,-60.059
-4.883,25.879,93.75,-77.148
-7.812,24.414,125.977,-84.473
-5.859,23.926,324.707,-75.195
-2.93,26.367,263.672,-58.105
-4.883,24.902,165.527,-61.523
-10.742,20.508,67.383,-78.613
-11.23,21.973,144.531,-80.078
-4.883,22.461,247.559,-65.918
1.465,20.02,212.891,-53.711
4.883,19.043,178.711,-50.781
-1.953,20.02,60.059,-63.477
-1.953,22.461,62.988,-72.266
5.859,23.926,260.742,-54.199
7.324,21.484,242.676,-35.156
3.906,20.996,154.297,-31.738
0.0,22.949,72.266,-45.898
-5.371,22.461,90.82,-60.547
-1.465,18.555,199.219,-53.223
1.953,20.02,215.82,-42.48
-4.883,22.461,152.344,-38.086
-5.859,20.02,83.984,-48.828
-7.812,20.508,72.266,-60.547
-10.254,20.02,157.227,-56.641
-14.648,16.602,232.422,-44.922
-21.484,13.672,188.477,-42.48
-28.809,7.812,98.145,-59.082
-35.156,2.441,67.383,-76.66
-38.574,0.977,175.293,-70.312
-38.086,0.488,229.492,-54.688
-37.109,-1.465,149.414,-55.664
-37.598,-2.93,81.543,-59.57
-37.598,-10.254,62.5,-64.453
-32.715,-7.324,155.273,-64.941
-30.762,-5.371,211.914,-52.734
-38.574,-12.695,142.578,-47.852
-46.875,-12.207,111.816,-59.57
-48.828,-13.672,20.996,-72.754
-45.898,-17.09,49.805,-71.777
-43.945,-14.648,239.258,-55.664
-39.551,-11.719,198.242,-49.316
-37.598,-12.695,116.211,-55.176
-42.969,-13.184,27.832,-70.801
-45.41,-12.207,73.242,-76.66
-41.016,-10.254,192.383,-62.5
-39.551,-6.836,127.93,-53.223
-38.574,-5.371,55.664,-45.41
-40.527,-2.93,-31.738,-52.734
-41.504,0.977,60.547,-62.012
-32.715,2.93,163.574,-49.805
-29.785,0.0,126.465,-40.039
-32.715,-1.953,125.977,-44.434
-38.086,0.0,-25.879,-56.641
-32.715,0.977,5.371,-62.988
-26.855,-0.488,169.922,-57.129
-24.414,3.906,130.371,-44.434
-24.902,8.789,89.844,-42.969
-26.855,8.789,-12.695,-52.246
-24.902,10.742,0.488,-62.012
-24.414,11.719,122.07,-58.594
-19.531,10.254,122.559,-41.992
-26.367,4.883,93.262,-41.992
-32.715,2.93,12.207,-56.152
-31.738,2.93,-66.895,-69.336
-27.344,0.0,103.027,-62.012
-24.902,3.906,222.168,-46.875
-25.391,8.301,79.102,-48.828
-29.785,10.254,-30.762,-59.57
-34.668,8.789,-12.207,-71.289
-32.715,8.789,112.305,-66.895
-27.344,11.23,85.449,-52.246
-21.973,9.766,18.066,-48.828
-22.949,7.812,11.719,-61.523
-23.926,7.812,-69.336,-76.172
-19.043,10.742,41.992,-71.289
-13.184,12.207,146.484,-51.27
-10.254,11.23,46.875,-46.875
-20.02,12.207,-6.348,-53.711
-23.438,9.277,-54.199,-67.871
-22.461,6.348,25.879,-69.336
-22.949,11.719,124.023,-55.664
-21.973,15.625,72.754,-50.293
-19.531,9.766,-21.484,-61.523
-18.066,10.254,-101.562,-73.73
-17.578,15.625,48.828,-68.359
-17.09,14.648,148.438,-55.176
-20.996,10.742,59.57,-50.781
-22.949,4.883,30.273,-60.547
-24.902,4.883,-68.359,-76.172
-29.297,5.859,3.906,-82.52
-27.832,6.836,147.949,-66.895
-23.438,10.742,86.914,-53.711
-27.832,9.766,41.504,-59.57
-33.691,12.207,-53.223,-70.801
-30.273,16.602,-13.672,-73.242
-24.414,18.066,129.883,-54.199
-21.484,17.09,141.113,-40.039
-21.973,16.113,79.102,-54.199
-24.902,19.531,-32.715,-62.988
-28.809,17.09,-31.25,-71.289
-28.32,14.648,166.016,-67.383
-25.879,17.09,141.113,-53.711
-26.367,13.672,61.035,-58.594
-26.855,16.113,2.441,-68.848
-28.32,22.461,-15.137,-76.66
-33.203,19.531,118.652,-70.312
-33.203,14.648,114.258,-57.129
-35.645,10.254,28.809,-62.012
-42.48,10.742,0.0,-72.266
-39.551,13.184,-28.809,-78.125
-37.109,11.23,110.352,-73.73
-35.156,9.766,167.48,-59.57
-34.18,12.695,69.336,-50.293
-29.785,20.996,4.395,-66.406
-36.621,25.391,-32.227,-90.332
-43.945,24.414,96.68,-80.566
-40.527,20.996,117.188,-64.941
-40.527,17.578,51.27,-71.777
-41.016,17.09,-15.625,-82.52
-45.898,15.625,-118.652,-92.773
-41.992,15.137,39.551,-86.914
-36.621,10.254,154.785,-67.383
-35.156,14.648,49.316,-58.594
-36.133,23.926,13.672,-69.824
-39.551,22.461,-116.211,-90.332
-38.086,15.625,-22.461,-89.355
-30.762,17.09,127.441,-68.359
-26.367,24.414,35.156,-62.5
-25.391,28.809,-27.344,-68.359
-25.879,23.926,-105.957,-80.566
-27.344,21.484,-24.902,-86.426
-24.902,28.32,50.293,-72.754
-23.438,24.414,0.488,-69.336
-23.438,20.508,27.344,-77.148
-26.367,22.949,-109.375,-83.008
-28.32,24.902,-128.906,-89.355
-25.391,21.973,91.797,-77.148
-23.926,22.461,63.477,-64.453
-24.414,20.508,-36.621,-68.359
-23.926,17.578,-107.422,-84.473
-27.344,20.508,-56.152,-93.75
-24.414,21.484,51.758,-73.242
-14.648,24.902,14.16,-57.617
-8.301,24.902,-50.293,-65.43
-12.695,24.414,-96.68,-80.078
-20.02,23.438,-41.016,-87.891
-19.043,21.484,69.824,-77.148
-14.16,21.973,38.086,-59.082
-15.137,22.949,-6.836,-61.035
-19.043,23.926,-34.668,-79.59
-21.484,23.926,-114.746,-85.449
-16.113,26.855,21.973,-73.73
-15.137,26.367,115.723,-61.523
-14.16,26.367,6.348,-63.965
-16.113,26.855,-63.477,-76.66
-24.414,24.414,-65.918,-85.938
-25.391,20.996,70.801,-76.66
-21.973,20.508,93.75,-62.5
-18.555,21.973,32.227,-58.105
-22.461,24.902,-24.902,-67.871
-28.809,28.32,-69.824,-77.637
-24.902,30.273,64.453,-74.707
-11.23,34.668,112.793,-59.082
-4.395,37.109,31.738,-46.875
-26.367,29.297,-7.324,-72.266
-42.969,20.02,-69.824,-95.703
-33.691,19.531,26.367,-82.52
-36.621,16.602,119.629,-65.918
-44.434,12.695,100.586,-63.477
-43.945,10.742,57.617,-72.266
-41.504,10.254,-64.941,-87.402
-33.203,18.066,13.672,-89.355
-34.18,21.484,189.453,-69.336
-31.738,20.996,118.652,-54.688
-26.855,21.484,40.039,-60.059
-30.273,18.555,-52.246,-74.219
-25.879,18.555,28.32,-75.195
-17.578,21.484,139.16,-60.059
-13.672,20.996,100.098,-57.617
-12.695,20.508,22.949,-65.43
-20.02,20.996,-21.484,-76.172
-23.438,22.461,78.125,-79.102
-18.066,23.926,184.57,-62.5
-20.02,24.902,116.699,-58.594
-23.926,30.273,48.34,-69.336
-30.762,30.273,-13.672,-79.102
-31.25,27.832,-16.113,-86.426
-22.461,25.879,142.578,-69.824
-23.926,20.996,166.016,-57.129
-26.855,17.09,79.59,-67.383
-26.367,20.996,5.371,-76.172
-24.414,26.367,-0.488,-80.566
-12.695,23.926,147.461,-69.336
-10.254,20.02,152.832,-53.711
-14.16,20.508,59.57,-52.734
-8.789,21.484,27.832,-56.152
-9.277,25.391,-18.066,-69.824
-7.812,25.391,117.676,-68.848
3.418,22.461,166.016,-44.434
4.883,25.391,81.543,-48.828
4.395,29.297,-5.371,-62.988
0.0,29.297,11.23,-66.406
-3.906,24.414,120.605,-60.059
-2.93,22.949,101.074,-52.246
-2.93,22.949,104.492,-59.082
-5.859,22.949,21.484,-71.289
-11.23,22.461,-27.832,-84.961
-12.695,20.02,132.324,-82.52
-8.301,17.578,127.441,-66.406
-6.348,20.02,36.133,-63.965
-12.207,25.879,30.762,-78.125
-17.578,26.367,-74.219,-96.68
-15.625,22.461,-1.953,-93.262
-10.254,16.113,123.535,-77.148
-10.254,15.625,57.129,-71.777
-8.301,20.02,-25.879,-80.566
-4.883,18.555,-66.406,-95.215
-8.789,12.695,-20.508,-96.191
-9.277,11.23,161.133,-81.055
-1.465,18.066,170.41,-64.453
3.418,21.973,59.57,-67.383
0.488,21.484,-7.324,-84.961
0.488,21.973,58.594,-84.961
-0.488,18.555,163.574,-67.871
-1.953,22.949,137.207,-59.082
-1.953,28.32,59.57,-63.477
-5.371,24.414,-14.16,-74.219
-0.488,22.461,41.992,-77.637
3.418,28.32,160.156,-67.871
3.906,27.832,159.668,-62.012
3.906,21.973,101.074,-67.383
-1.465,23.926,-14.648,-80.078
-1.953,23.926,-47.852,-91.797
1.465,18.066,136.23,-81.055
0.0,19.531,190.43,-66.895
-7.812,23.438,86.914,-71.777
-17.09,22.461,9.766,-80.566
-20.02,17.578,33.691,-83.496
-15.625,18.066,147.461,-74.707
-10.742,20.02,111.328,-64.941
-7.324,18.066,93.75,-63.965
-7.812,15.137,62.988,-71.289
-12.207,12.695,-38.574,-80.078
-12.695,9.277,86.914,-75.684
-8.301,13.184,200.684,-64.453
-5.859,20.02,104.004,-58.594
-4.883,19.043,30.273,-77.148
3.418,17.578,-2.441,-86.426
13.672,22.461,105.469,-66.406
2.441,21.484,173.828,-69.336
-10.254,20.996,80.078,-81.543
-13.672,22.949,15.137,-89.844
-16.602,22.461,-24.414,-97.168
-17.09,21.484,80.566,-89.355
-18.555,15.625,226.074,-75.684
-15.625,19.531,111.816,-67.871
-19.531,22.949,40.527,-81.543
-20.508,22.461,-2.441,-96.191
-16.113,22.949,63.965,-94.727
-11.23,20.508,149.414,-87.891
-7.324,20.02,129.883,-81.543
-17.09,20.996,66.406,-87.891
-17.578,25.879,-8.789,-99.121
-10.254,23.926,48.34,-92.285
-6.836,22.461,171.387,-74.219
-8.301,21.484,161.133,-71.777
-10.742,19.043,64.453,-76.66
-13.184,20.508,-5.859,-83.496
-16.602,23.926,56.641,-83.984
-10.254,25.879,191.895,-72.266
-2.93,26.855,128.418,-71.289
-3.418,31.25,65.918,-73.73
-2.93,33.203,-2.441,-78.125
-1.465,34.18,8.301,-79.59
3.418,34.18,167.969,-66.406
9.766,30.762,132.812,-58.105
13.184,29.297,85.449,-69.824
9.277,27.344,42.48,-84.473
5.859,33.203,-17.578,-85.938
10.742,34.668,122.07,-73.73
13.184,34.668,168.945,-56.152
19.043,36.133,70.312,-59.082
19.531,33.691,50.293,-71.777
11.23,30.762,55.176,-78.125
11.719,28.32,147.949,-65.918
14.16,27.344,153.32,-54.688
11.23,28.809,62.012,-62.5
6.836,28.32,-1.465,-78.125
3.418,24.902,-3.906,-92.773
2.93,28.32,133.301,-84.961
7.324,30.762,217.773,-65.43
12.695,29.785,98.633,-63.965
11.23,29.297,49.805,-74.219
5.859,32.715,22.949,-78.125
4.395,31.738,131.348,-78.613
7.812,24.414,143.555,-77.637
7.812,22.949,88.867,-74.219
0.488,24.414,89.355,-80.566
-1.465,23.926,2.441,-83.496
3.418,25.879,64.453,-72.266
3.418,27.344,172.363,-58.594
5.859,25.879,143.066,-52.734
9.277,29.297,73.73,-57.129
6.348,30.762,-29.785,-68.848
11.719,23.438,48.828,-61.035
14.16,21.973,220.215,-40.527
0.488,29.785,128.906,-54.688
-2.93,35.156,34.668,-81.543
2.441,35.645,-11.719,-89.355
5.371,34.668,50.293,-80.566
12.695,34.668,140.625,-66.406
11.23,32.227,116.699,-56.641
4.883,29.785,70.801,-67.383
0.488,31.738,14.648,-86.914
3.418,32.715,23.438,-88.379
10.742,32.227,178.711,-74.707
13.672,31.738,156.25,-65.918
12.695,30.273,58.105,-72.266
4.883,25.879,17.09,-83.984
5.859,22.949,60.547,-86.914
8.301,21.484,143.066,-75.195
-0.488,21.973,142.09,-68.848
-3.418,23.438,66.895,-69.824
-0.488,23.926,-34.18,-80.078
-1.953,23.438,-17.09,-89.844
0.0,22.949,139.16,-78.125
4.395,28.32,166.992,-65.43
0.977,29.785,75.684,-65.918
-5.859,26.855,20.508,-80.566
-8.789,25.879,9.277,-94.238
-4.883,26.367,117.188,-84.961
-1.465,29.297,126.465,-70.312
-1.953,33.691,76.172,-74.707
-1.953,29.785,-0.488,-86.914
-2.441,24.414,-18.066,-87.891
0.0,28.32,85.938,-80.078
0.0,32.227,119.141,-73.73
-5.371,33.203,85.449,-75.195
-9.766,34.18,8.301,-86.426
-9.766,36.621,-82.52,-95.703
-14.16,35.156,52.246,-90.332
-16.602,31.738,177.734,-76.66
-11.719,32.715,63.965,-72.266
-16.113,29.297,-15.137,-87.402
-19.531,29.297,-62.012,-105.957
-15.137,32.227,53.223,-97.168
-17.09,31.25,120.605,-83.984
-18.066,30.762,24.414,-86.914
-19.531,32.715,-5.371,-98.633
-26.855,28.32,-29.297,-111.816
-28.32,23.438,41.992,-110.84
-24.414,27.832,128.418,-95.215
-23.438,28.809,77.148,-82.52
-26.367,24.414,15.137,-86.426
-26.855,23.438,-41.504,-93.75
-25.391,24.414,9.277,-93.262
-25.391,26.367,110.84,-72.754
-23.926,25.391,85.449,-58.105
-22.461,27.344,26.855,-62.5
-23.926,26.855,-72.266,-76.66
-25.879,24.414,20.996,-88.379
-18.066,27.832,141.602,-72.266
-14.16,29.297,83.008,-61.523
-20.996,24.902,19.043,-71.289
-23.438,22.461,-28.809,-82.52
-20.508,24.902,-64.453,-81.055
-16.113,25.391,83.496,-65.918
-12.695,25.879,140.625,-58.594
-12.207,26.367,9.766,-63.477
-16.602,28.32,-7.812,-76.66
-19.531,28.32,-6.836,-80.566
-19.531,24.414,56.152,-68.848
-13.672,20.508,112.793,-58.594
-7.324,23.438,65.918,-56.641
-12.207,23.438,-7.324,-67.871
-11.23,21.973,-28.32,-73.242
-4.883,24.902,76.66,-60.547
0.488,23.438,134.766,-52.246
1.465,19.531,26.367,-53.711
-8.301,20.02,-25.391,-66.895
-8.789,24.902,-75.684,-78.125
-2.441,24.902,22.461,-70.312
-5.371,20.508,133.301,-56.641
-9.766,20.996,40.039,-54.688
-6.348,21.484,-15.137,-67.871
-5.371,23.926,-49.316,-78.125
-9.277,25.879,63.965,-67.383
-7.324,27.832,89.844,-52.246
-6.836,29.297,17.578,-49.805
-14.16,29.297,-5.859,-68.359
-18.066,29.785,-91.309,-85.938
-20.02,21.973,2.93,-77.637
-15.137,20.02,133.301,-63.477
-9.766,25.391,57.129,-53.711
-16.113,21.973,-37.598,-64.453
-18.066,18.555,-94.727,-78.125
-12.207,17.09,-30.762,-70.801
-4.395,12.695,111.328,-56.641
-4.883,11.23,94.238,-51.758
-10.742,17.09,-11.23,-62.012
-13.672,20.996,-83.984,-75.684
-13.184,22.949,-44.922,-75.195
-8.789,27.344,83.984,-64.453
-6.836,24.902,58.105,-55.664
-6.836,23.926,-9.766,-62.012
-9.766,24.902,-64.453,-75.684
-10.742,25.391,-37.109,-77.148
-6.348,28.32,37.109,-64.941
-3.906,27.344,57.617,-57.129
-5.859,22.949,20.996,-55.664
-10.742,22.949,-46.875,-68.848
-10.254,24.902,-101.562,-81.543
-7.324,24.902,36.621,-61.523
-3.418,25.391,112.305,-44.922
-3.418,26.367,4.883,-48.828
-2.93,27.344,-52.734,-58.594
-4.395,26.367,-45.898,-70.312
-3.906,22.461,78.125,-61.523
-0.977,24.414,62.012,-42.969
-3.906,25.879,-25.879,-41.992
-7.812,20.996,-14.16,-63.477
-8.789,21.484,-51.758,-77.148
-6.836,26.367,23.438,-65.918
-6.348,22.461,130.859,-56.641
-7.324,20.508,38.086,-58.105
-6.836,24.902,-74.219,-62.5
-9.766,28.32,-105.957,-68.848
-7.324,29.785,62.988,-57.617
-2.441,27.832,116.699,-43.945
-4.883,25.391,31.738,-41.992
-12.695,20.996,-41.016,-49.316
-18.066,22.949,-83.008,-65.43
-12.207,24.902,40.039,-66.895
-7.812,20.996,118.652,-57.617
-12.207,21.484,44.434,-56.152
-12.695,22.461,-9.277,-62.5
-10.254,22.461,-65.43,-74.219
-6.348,23.438,7.812,-70.312
-0.488,26.367,164.062,-57.617
-2.441,30.762,83.984,-50.781
-5.371,29.785,-4.883,-63.477
-6.348,25.879,-26.367,-75.684
-4.395,25.391,29.785,-68.359
-6.836,29.297,97.656,-58.594
-3.906,27.832,99.121,-55.176
-0.488,26.367,42.48,-61.523
-3.906,30.273,-43.457,-74.707
-3.906,29.297,27.344,-74.707
-1.953,21.973,124.023,-61.035
0.0,20.02,74.219,-56.152
0.977,28.32,37.109,-60.547
-7.812,29.297,-37.109,-75.195
-9.766,22.949,-46.387,-80.078
-8.301,23.438,106.934,-63.965
-8.789,31.25,92.773,-52.246
-3.906,29.785,-24.414,-55.664
-12.207,23.438,-36.133,-70.801
-17.09,25.879,-31.25,-77.637
-6.836,29.297,85.449,-59.082
0.0,26.855,131.836,-43.945
2.441,26.367,29.785,-49.316
-0.977,28.809,-20.508,-62.5
-7.324,25.879,-56.641,-71.777
-7.324,23.438,60.059,-68.359
-7.812,24.902,99.121,-59.57
-12.695,26.855,5.859,-60.547
-15.625,25.879,-25.391,-77.148
-16.602,26.855,-87.402,-86.914
-18.555,24.414,26.367,-77.148
-15.625,22.461,144.043,-60.059
-2.441,28.32,56.152,-41.016
-10.742,23.438,-18.066,-52.734
-31.25,11.719,-41.504,-82.031
-24.414,12.695,75.684,-74.219
-15.137,19.043,138.672,-48.828
-18.555,21.484,61.035,-46.875
-20.02,21.973,18.555,-61.523
-23.926,17.578,-18.066,-72.754
-22.949,13.184,29.785,-62.5
-14.16,14.16,100.098,-48.828
-8.789,16.113,94.238,-53.711
-10.742,16.602,42.48,-60.059
-13.672,17.578,-24.902,-69.824
-9.766,21.973,8.301,-67.871
-6.348,15.625,145.996,-54.199
-5.371,9.277,97.656,-57.129
-8.301,17.578,15.625,-70.801
-15.137,20.996,-21.973,-77.637
-15.625,20.996,20.996,-70.801
-12.695,20.508,139.648,-64.453
-15.625,21.484,44.922,-64.453
-20.02,23.926,-45.898,-66.895
-16.113,24.414,-20.996,-75.195
-12.695,25.879,-10.254,-80.078
-7.812,27.344,103.516,-69.824
-8.301,23.438,111.328,-57.617
-15.137,20.508,9.277,-62.988
-17.578,24.902,-55.664,-75.195
-15.625,28.32,-11.719,-76.66
-15.625,28.809,106.445,-63.477
-12.207,25.879,74.707,-54.688
-7.812,25.879,17.09,-54.688
-13.672,25.391,-26.855,-71.289
-9.766,23.438,-84.961,-78.613
-6.348,21.973,54.199,-58.105
-10.254,20.996,145.02,-43.457
-14.648,24.414,8.789,-50.293
-18.066,24.902,-44.434,-71.777
-18.066,22.461,-37.109,-82.52
-15.137,22.461,79.59,-66.895
-12.207,22.461,111.328,-53.223
-16.602,16.113,12.695,-59.57
-23.438,14.648,-46.875,-82.031
-24.414,16.113,-49.316,-94.238
-23.926,14.648,56.641,-77.637
-18.555,14.648,78.613,-62.012
-17.09,13.672,34.18,-64.941
-26.367,16.113,11.23,-79.102
-25.879,20.996,-47.363,-84.473
-20.02,19.531,10.254,-76.66
-19.531,18.066,150.879,-64.453
-20.02,16.602,71.289,-60.547
-19.531,17.578,-18.555,-73.242
-20.02,21.484,-39.551,-83.984
-22.461,21.484,26.855,-77.148
-20.508,20.02,105.957,-60.547
-14.648,20.996,46.875,-54.688
-15.625,19.531,-29.297,-62.012
-21.973,21.973,-31.738,-74.707
-21.973,22.949,9.766,-77.637
-16.113,20.02,124.512,-62.5
-16.113,19.043,113.77,-57.129
-19.043,14.648,30.273,-66.406
-16.602,15.137,-8.301,-70.801
-13.184,20.02,29.785,-66.895
-13.672,20.508,133.301,-60.059
-15.137,21.484,73.73,-64.941
-18.066,20.508,2.441,-76.172
-20.508,20.996,-41.504,-86.914
-18.555,22.949,4.883,-83.984
-14.648,25.879,119.629,-70.312
-13.672,27.344,68.848,-62.988
-11.23,23.926,13.184,-66.406
-12.207,20.508,-4.395,-76.172
-15.137,23.438,-21.973,-79.59
-12.695,22.949,92.773,-67.871
-9.766,17.578,109.863,-55.176
-7.324,18.066,19.531,-57.129
-5.859,21.484,-20.508,-72.754
-9.277,20.996,-42.969,-78.613
-7.324,19.043,40.039,-63.965
2.441,18.555,82.52,-52.246
3.418,24.902,29.297,-55.664
1.465,27.344,10.254,-69.336
0.977,24.414,-55.664,-76.172
0.977,26.367,46.387,-67.871
2.93,24.902,165.527,-57.617
1.465,23.926,61.523,-58.594
-1.953,26.367,-25.391,-68.848
-1.953,25.879,-26.855,-67.871
0.488,27.832,67.383,-58.105
0.488,29.297,115.234,-54.688
-0.977,28.32,53.711,-57.129
-4.395,31.738,-36.133,-65.918
-8.301,31.25,-36.621,-79.102
-12.695,31.738,57.617,-74.219
-5.371,33.203,145.02,-61.035
-1.465,33.691,83.984,-55.176
-5.371,28.32,-6.836,-67.871
-6.836,28.32,-32.227,-79.102
-7.324,31.738,27.344,-70.801
-5.371,30.273,135.254,-56.641
-3.418,34.18,76.172,-55.176
-5.371,32.715,5.371,-66.895
-6.836,27.344,-4.883,-78.125
-9.277,31.738,38.086,-76.66
-9.766,29.785,145.508,-59.57
-5.371,24.902,110.84,-51.27
-3.418,26.367,14.648,-62.988
-5.859,26.855,10.742,-75.684
-4.883,31.25,25.879,-75.195
1.953,33.691,134.766,-62.012
7.812,32.715,161.133,-51.758
7.324,31.738,59.57,-57.617
5.371,26.855,-4.395,-67.871
10.254,25.391,81.543,-59.082
15.137,36.133,174.316,-38.574
18.066,36.133,71.777,-33.203
15.625,29.785,70.801,-43.945
10.742,30.762,56.152,-55.664
9.277,31.738,28.809,-54.688
9.277,26.367,143.555,-47.363
10.254,27.344,172.363,-40.527
9.766,33.203,67.383,-39.062
2.93,36.133,43.945,-54.199
0.977,36.621,16.602,-64.453
5.371,36.621,95.703,-49.316
6.836,30.273,211.426,-39.551
8.789,24.902,99.121,-46.875
3.418,30.273,4.883,-60.547
-1.953,28.32,22.949,-68.848
5.859,23.438,139.16,-55.176
5.371,23.926,167.969,-38.574
-1.953,25.391,82.031,-41.504
-0.977,29.297,38.574,-52.246
2.93,31.738,-1.465,-57.129
3.906,36.133,80.078,-53.223
0.488,38.086,183.105,-46.387
0.977,35.156,103.516,-43.945
-2.441,33.691,22.461,-49.316
-6.836,35.156,-3.418,-61.523
-2.441,36.133,87.402,-54.199
1.953,37.109,181.641,-33.203
1.465,39.551,73.73,-34.668
0.977,35.645,-3.418,-49.316
2.441,35.156,24.414,-56.152
10.742,41.504,46.387,-47.363
6.836,39.062,166.016,-35.156
-1.953,35.156,133.789,-36.621
-1.953,32.715,22.949,-48.828
-1.953,31.738,5.859,-60.547
0.0,36.133,98.633,-51.758
5.859,35.645,147.949,-36.133
2.441,30.273,36.133,-35.156
-3.418,32.227,17.09,-42.969
4.395,34.668,38.086,-49.805
6.348,35.645,39.551,-47.852
4.883,31.25,140.625,-41.504
7.324,27.832,137.695,-37.598
6.348,30.762,44.922,-41.016
6.836,32.227,11.23,-53.711
3.906,35.156,27.832,-53.223
5.371,39.062,129.883,-42.48
10.254,39.551,136.719,-35.156
8.301,39.062,36.133,-37.598
3.418,37.598,6.836,-54.199
2.93,38.086,16.113,-61.035
5.859,35.156,55.664,-51.27
9.277,29.785,178.711,-42.969
4.395,28.809,100.098,-47.363
-0.977,30.273,-0.488,-62.988
0.488,31.25,21.973,-66.895
4.883,34.18,83.496,-52.734
5.859,34.18,127.441,-46.387
4.883,33.203,95.703,-51.27
0.488,35.156,38.574,-69.336
-5.859,33.691,21.973,-80.078
-5.859,32.715,73.73,-63.477
-8.301,31.738,142.578,-49.805
-15.625,26.367,99.609,-55.664
-21.484,28.809,23.926,-69.824
-16.602,30.762,9.277,-73.242
-12.695,20.508,52.246,-70.312
-9.277,22.949,159.668,-62.012
-9.766,31.738,116.211,-53.223
-11.23,32.715,11.23,-62.012
-8.301,32.227,5.371,-65.43
-9.766,33.691,82.52,-54.688
-2.93,34.668,128.418,-41.504
3.906,34.668,58.105,-39.062
0.977,30.762,34.668,-50.781
-1.465,26.855,17.09,-62.012
9.766,31.738,68.359,-51.758
24.414,33.691,153.809,-32.715
23.438,34.18,93.75,-32.227
21.973,39.062,-4.883,-40.527
18.555,38.574,3.906,-54.199
12.695,37.109,20.996,-50.781
6.836,36.133,105.469,-34.18
-3.418,35.156,154.297,-30.762
-0.488,34.668,28.809,-36.133
1.953,34.668,4.395,-51.27
0.977,34.18,41.016,-58.105
-1.953,30.762,136.719,-44.434
-5.859,31.738,176.27,-35.156
-8.789,32.227,69.824,-42.48
-10.254,28.32,26.367,-62.5
-5.859,33.691,48.34,-65.43
-3.418,36.621,142.09,-49.805
-0.488,33.691,137.695,-42.48
-2.441,35.156,64.941,-56.152
-6.348,40.039,12.207,-70.312
-6.348,40.527,18.555,-67.871
-3.906,34.668,89.355,-54.688
1.953,34.668,151.367,-41.016
0.488,38.574,70.801,-40.527
-2.93,35.645,12.207,-50.293
-4.395,36.133,21.484,-54.199
0.977,39.062,87.891,-43.457
6.348,38.086,148.926,-32.715
11.719,36.133,55.664,-31.25
10.742,37.109,-4.883,-46.875
1.465,36.621,-17.09,-53.223
-0.488,36.133,68.848,-39.551
0.488,34.668,125.0,-28.809
-0.977,33.691,25.879,-29.785
-0.488,35.645,-6.348,-43.457
-2.441,35.645,13.672,-51.758
-5.859,36.621,107.91,-38.086
1.465,36.621,161.621,-31.25
5.859,36.621,50.781,-41.504
0.977,39.551,4.883,-55.176
-2.93,38.086,14.16,-64.453
0.488,37.598,84.473,-55.664
-0.488,36.621,145.02,-47.852
-4.883,30.273,71.777,-48.34
-9.766,32.227,-7.324,-57.129
-13.184,33.691,-17.09,-71.777
-12.207,29.785,25.879,-68.848
-6.348,32.715,39.551,-51.27
-7.324,34.18,130.859,-41.992
-18.555,27.832,87.402,-51.27
-23.926,27.344,-28.809,-65.43
-20.02,30.762,32.715,-67.871
-18.555,31.738,119.629,-61.035
-19.531,31.738,63.965,-57.129
-17.578,33.203,9.766,-63.965
-18.066,29.785,-18.066,-76.172
-14.648,27.832,7.324,-74.707
-10.254,31.25,69.336,-58.105
-12.695,34.18,84.961,-46.387
-14.16,36.621,36.621,-51.758
-11.719,37.109,-34.18,-70.801
-9.766,36.133,-49.805,-72.754
-11.719,34.668,41.016,-52.734
-10.742,30.762,113.281,-40.527
-15.625,34.18,-2.441,-50.781
-25.879,37.598,-45.898,-64.941
-25.391,31.738,-28.32,-61.523
-25.391,29.785,35.645,-56.152
-21.484,32.227,71.289,-44.434
-20.996,32.715,-34.18,-41.504
-26.855,32.715,-48.34,-60.547
-25.879,29.785,-33.203,-61.035
-25.879,24.414,0.977,-53.223
-27.832,24.414,102.539,-42.48
-31.25,22.949,32.715,-44.922
-37.109,22.949,-60.059,-64.941
-43.457,21.973,-45.41,-65.918
-40.039,18.555,13.672,-57.129
-35.645,20.996,54.199,-47.363
-36.621,23.926,6.348,-47.852
-40.527,25.391,-68.848,-65.918
-47.852,25.391,-78.125,-76.66
-46.387,27.832,-23.438,-66.406
-40.039,32.715,62.012,-49.316
-38.574,30.273,49.316,-43.457
-46.387,27.832,-45.41,-51.758
-54.688,27.832,-66.406,-68.359
-53.711,18.066,23.438,-60.059
-49.316,16.602,67.871,-41.992
-50.781,24.902,11.23,-41.992
-49.316,31.25,-43.945,-59.082
-60.059,29.785,-69.824,-73.242
-63.477,26.367,9.277,-63.965
-55.176,30.273,33.203,-52.734
-55.176,32.715,25.391,-48.34
-57.129,29.785,-23.926,-58.594
-58.105,23.926,-79.59,-72.754
-57.617,23.438,-51.27,-70.312
-61.523,22.949,68.359,-60.547
-64.941,21.484,92.773,-51.758
-68.848,23.438,-45.41,-59.57
-69.336,25.391,-69.336,-74.707
-65.43,24.902,-36.133,-71.289
-61.035,25.391,67.383,-57.617
-50.781,28.32,67.383,-49.316
-44.922,30.273,-51.27,-57.129
-55.176,31.25,-24.414,-73.242
-58.105,27.832,-39.551,-68.848
-52.734,25.879,3.906,-65.43
-54.199,24.414,130.371,-61.035
-53.223,20.508,-1.465,-63.965
-55.176,22.949,-68.359,-76.172
-58.594,25.879,-23.926,-72.266
-52.734,26.367,26.855,-56.641
-52.734,29.785,57.617,-54.688
-57.129,28.32,14.648,-61.035
-54.199,26.855,-57.129,-69.336
-53.711,22.461,-70.801,-71.777
-47.363,21.973,42.969,-58.594
-46.387,28.809,105.957,-46.875
-53.711,23.926,-4.883,-46.387
-51.27,20.996,-67.871,-62.012
-44.434,29.785,-61.035,-70.801
-40.039,31.738,-35.645,-59.082
-43.945,30.762,77.637,-48.828
-46.387,28.809,12.695,-48.828
-46.875,29.785,-82.031,-60.547
-48.828,32.227,-60.547,-69.336
-44.922,27.344,-0.488,-60.059
-41.016,26.855,10.742,-44.922
-42.48,31.25,-20.508,-49.316
-42.48,30.762,-60.547,-66.895
-41.016,31.738,-62.988,-72.266
-39.062,33.203,-84.961,-55.176
-30.762,32.715,13.184,-34.668
-27.832,35.645,67.871,-29.785
-29.785,34.668,-61.523,-44.434
-29.297,34.668,-123.047,-57.617
-33.203,34.18,-81.543,-55.176
-34.18,32.715,-26.367,-41.016
-30.273,34.18,-67.383,-41.016
-32.715,31.738,-132.324,-62.012
-35.156,27.832,-107.422,-71.289
-31.25,31.25,-62.988,-67.383
-27.344,30.762,13.184,-52.734
-25.391,32.227,107.422,-43.945
-32.227,35.156,-10.742,-55.176
-34.18,32.715,-73.73,-66.406
-34.668,37.598,-34.18,-64.941
-35.156,38.086,41.016,-56.152
-30.762,33.203,55.664,-43.945
-33.691,31.738,0.0,-47.363
-40.039,30.273,-31.738,-64.453
-46.387,22.949,-11.23,-70.801
-43.945,19.043,94.727,-59.57
-41.016,24.902,166.016,-48.828
-45.898,27.832,107.91,-56.641
-49.316,22.949,20.996,-70.312
-45.898,23.926,30.762,-73.73
-40.527,27.832,77.637,-65.918
-39.062,28.809,167.48,-51.27
-40.527,28.32,127.441,-52.734
-41.016,25.879,18.555,-72.754
-39.062,28.32,38.574,-74.707
-35.645,25.391,133.301,-58.105
-27.832,22.461,136.719,-45.898
-22.461,32.227,88.867,-42.48
-31.25,34.668,74.219,-60.059
-35.645,31.25,49.316,-76.66
-31.25,30.273,68.359,-63.477
-31.738,29.297,157.227,-50.293
-34.18,32.227,129.883,-51.758
-36.133,35.645,28.32,-69.824
-40.527,32.227,56.641,-80.078
-40.527,28.32,120.605,-68.359
-40.039,29.785,165.039,-54.688
-41.016,30.273,116.699,-50.781
-42.48,27.344,3.906,-62.5
-43.457,30.273,37.598,-70.312
-40.527,35.156,125.488,-66.895
-38.086,30.762,164.062,-54.199
-36.621,27.344,114.258,-43.457
-37.109,32.715,51.758,-52.246
-42.969,31.25,43.457,-66.406
-41.016,30.762,41.504,-59.082
-38.086,36.621,143.066,-49.316
-39.062,36.133,176.758,-42.48
-33.691,31.738,44.434,-52.246
-35.156,29.785,23.926,-70.312
-28.809,30.273,48.34,-63.965
-23.926,33.691,140.137,-49.316
-26.855,33.203,208.008,-42.969
-28.32,31.25,71.289,-49.316
-35.645,26.367,39.551,-61.035
-36.133,24.902,44.434,-56.152
-36.621,26.367,116.699,-44.434
-40.039,25.879,185.059,-45.898
-38.086,24.414,36.621,-53.223
-44.434,24.414,8.301,-66.406
-50.781,23.926,81.543,-69.824
-45.898,21.484,97.656,-54.199
-40.039,19.531,93.262,-42.969
-45.41,20.02,77.148,-47.852
-46.875,24.414,40.039,-60.059
-43.945,20.996,39.062,-58.594
-48.34,13.672,122.559,-40.039
-45.898,18.555,179.199,-24.902
-50.293,30.273,86.914,-25.879
-58.594,33.691,38.086,-46.387
-62.5,31.25,67.871,-64.453
-66.406,33.203,111.816,-57.617
-72.754,34.18,156.738,-46.875
-80.078,32.715,89.844,-41.992
-85.449,36.133,34.18,-55.664
-85.938,35.645,58.105,-71.289
-89.355,32.227,34.668,-63.965
-106.934,31.25,30.273,-56.641
-129.395,30.762,102.051,-54.199
-146.973,33.691,24.414,-66.895
-149.414,33.203,12.207,-75.195
-141.602,32.227,80.566,-66.406
-135.254,29.785,75.684,-53.711
-125.0,28.32,-0.977,-49.805
-121.094,30.762,-80.566,-62.5
-122.559,26.855,-69.824,-70.312
-110.84,24.414,-46.875,-63.477
-105.957,25.391,74.219,-53.711
-106.934,26.855,160.156,-45.898
-105.957,31.738,104.98,-52.734
-104.98,31.25,104.98,-66.406
-97.656,27.832,105.469,-62.5
-90.82,32.227,189.453,-49.316
-88.379,35.645,240.234,-38.574
-79.59,34.18,144.531,-44.434
-74.707,39.062,116.699,-58.105
-72.754,39.062,131.348,-54.688
-64.453,33.203,188.477,-41.992
-59.082,33.691,185.059,-32.715
-60.547,37.109,147.461,-34.18
-66.895,37.598,134.766,-51.27
-68.359,32.715,119.141,-49.316
-63.477,29.785,187.988,-32.715
-57.617,33.203,228.516,-32.715
-55.664,36.133,145.02,-40.527
-64.941,33.691,98.145,-53.711
-63.477,32.227,117.188,-58.105
-51.758,32.227,134.766,-44.922
-45.41,28.32,233.887,-39.551
-49.805,31.25,180.664,-42.969
-50.293,39.062,63.477,-58.594
-46.875,39.062,144.531,-68.848
-43.457,35.645,169.434,-57.129
-37.109,34.668,210.938,-52.246
-30.762,37.109,187.988,-54.199
-26.855,37.109,105.957,-58.594
-31.738,38.574,85.449,-59.57
-32.227,39.551,175.781,-49.316
-26.367,37.598,223.145,-41.504
-19.531,39.551,125.0,-40.039
-11.719,40.039,96.68,-57.129
-2.93,41.504,103.027,-69.336
6.348,41.992,92.773,-55.664
10.254,40.039,184.57,-34.668
10.742,42.48,200.195,-34.18
7.324,41.992,90.332,-51.758
3.906,41.504,83.984,-62.988
9.766,41.016,135.254,-57.129
16.602,36.621,191.895,-41.504
19.043,39.062,151.367,-44.922
20.508,47.363,47.852,-55.176
13.184,43.457,46.387,-62.988
13.184,36.133,144.043,-60.547
17.578,36.133,169.434,-50.293
16.602,38.086,104.492,-45.41
11.23,37.598,56.641,-57.617
0.977,35.156,88.867,-71.777
-0.977,34.18,71.289,-67.383
-0.488,33.203,119.629,-56.641
-0.977,32.227,208.984,-52.734
0.0,35.645,77.148,-56.152
-2.441,38.574,52.246,-73.242
-6.836,38.574,108.398,-75.684
-6.348,33.691,129.883,-55.176
-2.441,29.785,147.461,-43.945
-1.953,31.738,56.641,-53.711
-5.859,31.738,44.922,-66.406
-11.23,30.762,79.102,-67.383
-16.602,25.879,130.859,-59.57
-17.578,20.996,217.773,-51.27
-18.555,23.926,116.211,-50.293
-17.578,25.879,37.598,-55.664
-13.184,23.926,79.59,-57.617
-7.324,26.367,146.484,-47.852
0.488,28.32,166.016,-38.086
-1.953,26.855,96.191,-44.434
-12.695,27.344,51.27,-57.617
-7.812,33.691,72.754,-56.152
-8.789,28.809,127.441,-45.41
-17.09,27.344,164.551,-36.133
-11.719,27.832,124.512,-38.086
-14.16,22.461,68.848,-53.223
-20.508,28.809,53.223,-60.059
-18.555,33.203,118.652,-50.293
-18.555,30.762,166.016,-42.969
-20.508,30.273,116.211,-41.504
-26.855,29.297,60.059,-48.828
-29.785,33.203,55.664,-55.664
-28.32,35.645,125.0,-46.387
-33.691,35.645,154.785,-34.668
-38.574,32.227,92.773,-37.598
-39.551,31.738,61.035,-53.223
-39.551,33.691,81.543,-65.918
-39.062,29.785,66.406,-62.988
-32.715,33.203,45.898,-48.828
-30.273,32.715,158.203,-41.992
-33.203,28.809,79.102,-49.316
-29.297,31.738,2.441,-52.246
-17.09,30.273,66.406,-40.527
-16.113,29.785,106.934,-28.32
-20.508,34.18,95.703,-24.902
-19.043,32.227,13.672,-38.574
-18.555,31.25,-0.977,-51.27
-17.09,36.133,59.082,-51.27
-13.672,32.715,117.188,-47.363
-14.648,28.32,164.551,-41.016
-15.625,29.785,44.922,-41.992
-21.484,29.785,14.648,-54.688
-24.414,26.855,35.645,-56.152
-19.531,26.367,88.867,-43.945
-19.531,27.832,132.324,-38.574
-20.996,29.297,33.203,-41.992
-21.484,28.32,13.672,-49.805
-19.043,24.902,60.059,-48.34
-12.207,27.832,92.773,-31.738
-11.23,28.809,131.836,-25.879
-18.066,27.832,82.031,-29.785
-24.414,28.809,10.742,-39.062
-22.949,28.32,50.781,-41.016
-17.578,25.879,37.598,-34.18
-10.742,24.902,103.516,-29.785
-6.348,24.902,109.863,-30.273
-9.766,25.391,17.09,-44.922
-10.254,29.785,16.113,-49.316
-6.836,29.785,128.418,-33.203
-4.395,28.32,131.836,-18.066
-5.371,33.691,33.691,-23.926
-10.254,34.668,28.809,-41.504
-12.207,29.785,86.426,-47.363
-11.23,27.832,78.613,-36.621
-6.836,25.391,89.355,-26.855
-5.371,27.832,113.77,-26.855
-7.812,33.691,20.508,-37.109
-11.23,33.203,19.531,-40.527
-4.883,30.273,93.75,-29.297
8.301,31.25,135.254,-14.648
8.789,35.156,115.234,-18.066
1.953,36.621,76.66,-32.715
-6.348,31.738,84.473,-38.574
-4.883,32.227,161.133,-32.715
0.488,35.156,218.75,-16.602
-0.488,34.18,205.078,-12.695
-3.418,34.18,113.77,-28.32
-3.906,33.691,95.215,-38.086
-2.441,33.691,119.141,-36.621
-2.93,31.25,173.828,-22.949
-1.953,30.273,183.105,-19.043
-3.418,30.273,72.266,-37.598
-3.418,28.32,79.59,-41.016
4.395,28.32,108.887,-27.344
8.789,33.691,133.789,-23.438
4.883,34.668,177.246,-34.18
1.465,34.668,101.562,-48.34
1.465,33.203,76.66,-59.082
7.812,32.227,117.676,-56.641
12.695,27.344,47.852,-45.41
11.719,27.344,130.371,-39.062
7.812,30.762,133.789,-47.852
2.441,28.32,20.996,-62.988
2.441,28.809,60.059,-61.035
6.836,27.832,134.766,-41.016
9.766,26.367,131.836,-30.273
9.766,29.297,10.742,-31.738
4.883,31.25,-12.207,-43.945
3.418,30.273,82.52,-50.293
8.789,25.879,67.871,-32.227
9.766,26.855,80.078,-25.391
7.324,29.297,88.379,-28.809
-1.953,24.414,5.371,-38.086
-4.395,28.32,26.855,-42.48
4.395,33.691,97.168,-29.297
7.324,32.715,104.98,-22.461
7.812,34.668,48.34,-27.832
6.836,36.621,-32.227,-31.738
8.301,37.109,-24.902,-36.621
12.695,35.156,38.086,-31.25
16.602,32.227,98.145,-20.02
17.578,33.203,105.469,-21.973
10.254,33.691,-26.855,-33.691
0.977,35.645,7.324,-42.48
5.859,42.48,69.336,-31.738
6.836,43.457,71.289,-17.578
6.836,40.527,40.527,-19.531
4.395,38.574,-22.949,-34.668
-3.418,35.645,-24.414,-47.852
0.977,32.715,8.789,-40.039
1.953,35.645,47.363,-22.461
0.0,37.598,58.594,-20.02
1.953,36.133,4.395,-31.738
5.371,36.621,-17.578,-43.457
4.883,39.551,-1.465,-42.48
7.812,43.945,59.57,-27.344
10.742,45.898,72.754,-18.066
11.23,45.41,-25.391,-30.273
14.648,42.969,-10.254,-45.41
19.531,41.016,6.348,-42.969
19.043,37.109,38.574,-27.344
16.602,37.598,96.191,-22.461
17.09,37.598,-21.484,-32.715
17.09,35.645,-9.277,-43.945
15.625,37.598,48.34,-42.48
20.996,37.109,89.844,-29.785
26.855,37.109,94.238,-19.043
15.137,35.645,0.0,-25.879
-0.977,38.574,-25.879,-41.504
-5.371,42.48,24.414,-41.992
2.441,42.48,49.805,-31.25
2.441,40.527,83.008,-23.926
0.0,40.039,51.27,-22.949
0.488,43.945,-53.223,-32.715
-4.883,46.387,2.93,-43.945
-2.93,44.434,50.293,-39.062
-6.348,42.969,86.914,-34.668
-6.348,46.875,82.52,-36.133
-3.906,51.758,-29.785,-49.316
-7.324,52.246,-3.418,-56.641
3.418,51.758,69.336,-42.48
11.23,47.363,98.633,-38.574
6.348,44.922,48.828,-43.457
4.395,45.41,-26.855,-49.316
2.441,45.898,5.859,-55.176
3.418,47.852,64.453,-42.48
9.766,46.387,75.684,-34.18
5.371,39.062,62.988,-40.039
-4.883,33.691,11.23,-47.363
-7.812,37.109,19.531,-58.594
4.395,43.457,41.504,-54.199
9.766,45.41,82.52,-40.039
2.93,40.527,137.207,-36.621
3.418,40.527,0.977,-42.969
6.348,40.039,10.742,-48.34
12.695,38.574,71.289,-39.062
18.066,40.527,95.703,-28.32
13.672,38.086,92.285,-28.809
5.859,37.598,-28.809,-35.156
-2.441,38.574,8.789,-47.363
-3.906,36.133,89.355,-42.969
0.0,34.668,47.363,-36.133
0.488,36.621,105.957,-41.016
-3.418,38.086,55.664,-44.922
-4.395,36.133,-8.789,-51.27
-4.395,35.156,51.27,-46.387
-3.906,34.668,77.148,-28.32
-0.977,34.18,76.172,-18.066
-4.395,32.227,10.742,-24.414
-10.254,33.203,-46.387,-38.574
-6.348,35.645,-1.953,-38.574
-0.977,37.109,109.375,-30.762
0.977,35.645,123.535,-34.668
0.488,35.645,0.977,-43.457
-5.371,35.156,-72.754,-58.105
-5.371,34.18,13.672,-58.594
-1.465,37.109,20.508,-50.293
7.812,38.086,17.09,-43.457
7.324,37.109,51.27,-43.945
3.418,35.156,-8.789,-59.082
6.836,34.18,12.695,-58.105
11.23,40.527,50.781,-43.945
13.672,45.41,50.781,-37.109
12.207,41.016,37.109,-45.41
3.418,38.086,-17.09,-60.547
-6.348,37.598,20.02,-61.523
-9.277,36.621,60.059,-55.176
-6.836,39.062,80.566,-42.969
-4.883,41.504,64.941,-34.668
-7.812,38.086,-23.926,-50.781
-9.766,34.668,34.668,-58.594
-2.93,38.574,40.527,-42.48
4.883,46.387,69.336,-30.762
3.418,47.363,119.629,-29.785
2.441,45.41,-1.953,-35.645
0.488,42.48,31.738,-42.969
-2.441,38.086,79.59,-33.691
-0.977,39.062,90.332,-18.066
2.441,40.527,86.426,-19.043
-0.488,41.504,8.301,-39.551
-3.418,41.992,16.113,-54.688
-1.953,41.504,35.156,-46.875
-3.906,43.457,90.332,-37.109
-5.371,44.434,144.043,-38.086
-1.953,40.039,33.691,-41.016
-7.812,41.504,4.883,-47.363
-12.207,45.41,57.129,-41.504
-2.441,44.434,64.941,-27.832
-0.977,43.945,121.582,-24.902
-2.93,44.434,90.82,-32.715
-1.953,42.48,30.762,-40.527
0.488,40.527,104.98,-28.809
12.207,40.039,138.184,-10.254
10.742,39.551,122.559,-11.23
4.883,38.574,42.969,-26.367
5.371,40.039,21.484,-42.969
-0.977,41.016,83.984,-39.551
-2.441,39.551,132.324,-18.555
3.906,40.527,107.91,-11.719
1.953,44.922,63.477,-23.438
-10.742,42.48,23.926,-39.062
-11.719,40.527,77.637,-35.156
-7.812,40.527,95.215,-22.461
-3.906,36.621,112.305,-19.043
0.0,35.645,116.211,-22.949
0.0,36.621,15.137,-36.133
3.418,34.668,54.199,-37.109
13.184,32.715,112.793,-17.09
19.531,32.715,135.254,-5.371
18.066,33.691,61.035,-10.254
6.348,34.668,-36.133,-25.879
1.953,35.156,60.059,-34.668
11.23,32.715,122.559,-21.973
9.277,30.762,117.188,-10.742
8.301,34.18,101.562,-11.719
6.348,38.574,-14.648,-20.508
2.441,39.551,33.203,-25.879
10.254,41.992,90.82,-11.719
15.625,39.062,87.891,-5.371
7.812,34.18,107.91,-15.625
-1.465,37.109,25.391,-32.227
-4.395,37.598,19.043,-44.434
-1.465,35.645,71.289,-32.715
1.465,36.133,65.918,-20.996
-2.441,36.133,111.328,-23.438
-3.418,36.133,64.453,-32.715
-4.883,35.156,25.879,-39.551
-2.441,36.133,79.59,-39.062
1.465,32.227,82.52,-28.32
2.93,30.762,90.82,-21.973
3.906,37.109,5.859,-34.18
1.465,34.18,14.16,-43.457
5.859,34.18,75.684,-38.574
15.625,36.621,90.82,-19.531
19.531,33.203,75.195,-11.719
20.508,34.18,35.645,-23.438
18.555,35.156,23.926,-31.738
14.648,32.227,90.332,-21.973
9.766,31.25,55.664,-16.113
8.301,34.668,95.215,-28.32
12.207,35.156,113.281,-33.691
6.348,35.156,-7.324,-45.898
7.324,34.668,53.223,-41.504
12.207,32.715,146.484,-26.367
6.836,28.32,102.539,-19.043
2.93,30.762,23.926,-22.949
-3.418,35.156,3.906,-42.48
-5.371,31.738,96.191,-51.758
0.488,30.273,101.562,-37.109
-0.488,30.762,92.285,-20.508
-2.441,29.297,145.996,-20.02
-3.906,29.785,34.18,-40.039
-4.395,30.273,50.293,-41.504
-1.953,30.762,112.793,-28.32
-1.465,31.738,141.602,-27.832
0.977,32.227,98.633,-29.297
1.953,34.668,32.715,-35.645
-1.953,35.645,55.664,-36.133
5.371,35.156,62.5,-28.32
15.625,34.18,122.07,-20.508
19.531,35.156,135.254,-20.02
14.648,36.133,49.805,-39.062
11.23,35.645,65.918,-46.875
13.672,36.133,76.172,-33.691
9.766,37.109,91.797,-24.414
5.371,37.109,140.137,-24.902
2.441,40.039,35.645,-35.645
0.0,39.551,40.527,-41.504
6.836,35.645,95.215,-32.715
7.812,31.738,96.68,-15.137
5.859,31.25,77.637,-12.695
6.836,33.691,24.414,-28.32
2.93,38.574,62.988,-41.992
7.812,41.016,105.957,-33.691
17.09,31.738,75.684,-17.09
16.113,28.809,115.723,-20.508
12.695,36.621,72.754,-36.133
10.742,40.527,22.461,-44.922
11.719,40.527,92.285,-35.156
16.602,38.574,108.398,-20.02
17.09,37.109,105.469,-19.043
13.184,37.598,32.715,-31.738
8.789,37.109,-24.902,-45.898
6.836,33.691,109.863,-43.457
6.836,36.621,91.309,-27.832
0.977,38.086,80.078,-28.32
-3.418,33.691,98.145,-33.691
-1.465,37.598,-8.789,-44.434
0.0,43.457,60.547,-45.898
0.977,42.48,142.09,-34.18
2.441,40.527,112.305,-25.879
-0.488,39.062,50.293,-25.391
0.0,41.992,-8.301,-41.016
1.953,42.969,50.781,-42.48
8.301,41.504,56.152,-36.133
16.602,41.504,107.91,-31.25
19.531,39.551,148.926,-24.902
23.926,36.133,24.902,-41.016
18.555,38.086,53.223,-47.852
14.648,37.598,100.586,-30.273
17.578,34.668,103.027,-14.648
12.207,35.645,76.172,-25.391
3.906,38.574,-26.855,-44.434
0.488,42.969,49.805,-43.457
-9.766,38.574,129.883,-28.809
-11.719,33.203,99.609,-18.066
-4.395,35.156,64.941,-20.508
-5.371,35.156,21.973,-36.133
-11.719,29.297,71.777,-44.434
-3.418,27.832,83.008,-26.855
0.488,31.738,76.66,-20.996
-5.859,33.203,141.113,-29.297
-6.348,30.762,65.43,-33.203
-8.789,30.273,50.293,-44.434
-3.418,36.621,113.281,-38.086
0.488,41.016,141.113,-23.438
1.953,39.551,110.84,-23.926
2.93,35.156,8.301,-34.18
-2.441,35.645,34.18,-42.969
-3.418,35.156,123.047,-35.156
0.977,34.668,177.246,-22.461
3.418,36.133,152.832,-17.578
5.859,38.574,63.965,-24.902
4.395,37.109,42.969,-38.574
6.836,36.133,106.934,-29.785
15.137,34.18,91.797,-15.625
17.09,31.25,116.699,-18.555
18.066,34.668,98.633,-20.996
16.602,37.598,39.551,-29.297
15.137,39.062,105.469,-34.668
13.184,35.645,69.336,-22.461
6.836,32.227,86.426,-14.648
1.953,36.133,127.441,-21.973
4.395,38.574,41.504,-38.574
6.348,36.621,86.914,-42.969
8.789,39.551,138.672,-28.809
5.859,33.691,147.949,-16.602
1.953,31.25,86.426,-18.066
1.953,39.551,9.277,-32.227
2.441,40.527,83.984,-38.574
7.812,39.551,126.953,-29.785
7.324,37.598,108.887,-20.02
2.93,34.668,62.5,-27.344
-0.977,33.691,31.25,-44.434
-1.953,34.668,98.633,-49.316
-0.488,32.715,85.449,-38.086
1.465,32.227,67.383,-37.598
3.418,36.133,93.75,-51.27
-4.395,35.156,10.254,-68.359
-5.859,32.715,33.691,-74.707
4.395,35.156,76.172,-66.406
5.859,36.621,55.664,-57.129
2.93,38.574,84.961,-60.547
-4.883,37.598,27.832,-75.684
-10.742,34.668,-11.719,-78.613
-5.371,35.156,78.125,-68.848
0.0,38.086,81.055,-54.199
4.395,36.133,117.676,-43.945
6.348,34.668,68.848,-47.363
9.766,35.156,15.625,-57.617
11.719,33.691,62.012,-49.805
14.16,41.016,71.777,-36.621
16.113,46.387,99.121,-31.738
17.09,41.504,51.758,-45.898
15.137,41.016,17.09,-53.711
11.23,40.039,98.633,-36.133
11.719,39.551,63.965,-28.32
12.695,41.504,99.609,-31.738
12.695,40.527,91.797,-41.016
7.812,37.598,5.371,-49.805
5.859,35.645,86.426,-49.805
5.859,34.18,119.141,-42.969
6.836,30.762,101.074,-38.574
8.789,32.227,37.598,-45.41
6.836,36.133,-36.133,-55.176
4.883,37.109,53.223,-53.711
6.836,33.203,139.648,-37.109
8.789,30.273,98.145,-25.391
9.277,33.691,21.973,-34.668
8.301,34.668,27.344,-42.48
6.348,30.273,111.328,-42.48
7.812,29.785,98.633,-40.039
12.695,31.25,106.445,-31.25
12.207,30.762,91.797,-35.156
6.348,39.062,11.23,-53.711
4.883,44.434,57.617,-54.199
14.648,40.527,83.496,-34.18
18.066,37.598,101.074,-20.508
16.602,38.086,91.309,-27.832
14.16,38.086,-3.418,-41.504
17.09,34.668,49.805,-31.738
30.762,38.574,101.074,-17.09
22.949,40.039,122.07,-29.785
9.277,40.039,108.398,-49.805
9.277,49.805,38.574,-65.43
9.766,53.711,54.688,-64.453
11.23,48.828,74.707,-49.805
12.695,46.875,52.246,-40.039
-0.488,49.805,86.426,-47.852
-2.441,45.898,58.594,-66.406
7.812,42.48,41.992,-69.336
9.766,43.945,83.008,-59.57
12.207,45.41,87.402,-46.875
7.324,44.434,70.312,-47.363
6.348,44.922,26.855,-55.664
8.301,44.922,62.5,-59.57
5.371,44.922,83.008,-51.27
9.766,42.48,131.836,-42.48
13.672,39.062,126.465,-42.969
9.277,40.039,20.02,-50.293
6.348,41.992,23.438,-56.641
9.277,48.828,93.75,-50.293
15.137,52.734,64.941,-40.527
13.672,47.852,68.848,-34.668
13.184,42.969,39.062,-52.734
13.672,41.016,14.648,-71.289
13.184,39.062,105.957,-58.594
19.043,36.133,77.148,-41.016
19.531,37.109,62.988,-28.32
14.16,39.551,57.617,-34.18
11.719,36.621,-9.766,-51.758
14.648,35.156,77.637,-41.504
18.066,40.039,58.594,-26.367
21.973,41.504,37.109,-29.297
21.484,43.457,99.609,-33.203
16.602,44.434,-5.859,-41.016
16.113,41.016,28.809,-42.48
18.555,40.527,63.965,-29.297
15.625,37.598,70.312,-28.32
17.09,38.086,105.957,-36.133
17.09,38.574,20.508,-48.34
16.602,35.156,43.457,-52.734
21.484,36.133,82.031,-40.039
26.855,38.574,75.684,-30.273
25.879,40.039,53.711,-37.598
23.438,40.039,-28.32,-53.711
22.461,44.434,24.414,-52.734
26.367,46.875,73.73,-38.086
27.832,44.922,57.129,-26.855
22.461,46.387,72.266,-26.855
18.555,41.016,35.645,-41.992
12.207,37.598,36.133,-47.852
15.625,40.039,80.078,-35.645
21.484,37.598,90.332,-30.273
17.09,37.109,93.262,-31.738
10.742,35.645,-3.418,-41.016
9.277,30.762,9.766,-52.734
14.16,29.297,103.516,-42.969
16.602,33.203,58.105,-27.832
15.625,36.133,65.918,-24.902
11.719,35.645,20.508,-38.086
10.742,37.109,13.184,-57.129
14.16,40.039,142.09,-44.922
16.113,38.086,83.008,-36.133
12.207,35.156,68.359,-35.645
11.719,40.527,69.336,-39.062
12.695,44.434,11.23,-50.781
9.277,41.504,75.684,-45.41
9.766,37.598,107.91,-31.738
8.789,36.621,90.332,-27.832
4.883,34.18,11.23,-35.156
4.395,33.691,-36.133,-49.316
3.906,35.156,57.129,-45.41
4.395,32.227,78.125,-30.273
5.859,31.25,60.059,-37.109
0.0,33.203,80.566,-47.363
-2.93,31.738,-4.395,-53.223
2.93,32.227,40.039,-51.27
5.371,34.18,87.891,-39.551
8.789,30.762,74.707,-28.809
9.766,30.762,44.434,-38.086
11.719,32.715,-9.766,-57.129
18.066,35.156,42.48,-62.012
36.621,42.969,62.5,-38.086
46.875,43.457,29.297,-14.648
13.184,36.133,28.32,-39.551
-4.395,29.297,-0.488,-57.617
-0.977,22.461,66.406,-52.734
3.418,21.484,66.406,-45.898
12.207,25.879,50.293,-34.18
9.766,28.32,81.055,-34.18
3.418,28.32,-19.531,-48.34
4.883,25.391,12.695,-58.594
12.207,29.785,88.379,-53.223
16.113,35.645,23.438,-46.875
11.719,36.621,54.688,-50.781
6.836,35.156,18.555,-58.105
6.836,34.668,30.762,-63.965
9.766,33.203,122.559,-58.594
10.254,31.738,38.574,-50.781
12.207,33.203,43.457,-49.316
8.789,30.762,62.988,-58.105
5.371,29.785,21.973,-62.012
6.836,26.367,83.008,-45.41
8.789,22.461,118.164,-34.18
5.859,24.902,73.242,-28.809
1.465,27.832,13.672,-33.691
2.441,26.367,5.371,-44.922
5.859,27.344,64.453,-34.668
9.766,28.32,135.254,-19.043
10.254,28.809,111.816,-12.207
4.883,29.785,20.508,-20.996
2.93,31.738,-0.488,-36.133
14.16,36.621,71.289,-29.297
19.531,35.645,80.566,-10.742
21.973,35.156,98.145,-6.348
22.949,34.18,72.266,-15.137
26.367,36.133,-0.488,-26.367
31.25,36.133,107.91,-23.438
31.738,34.18,106.934,-4.883
29.785,39.062,63.477,0.0
23.438,40.527,67.383,-15.625
20.02,39.062,3.418,-26.367
19.531,37.598,79.102,-18.555
16.113,35.156,110.84,-3.418
13.184,29.785,28.809,0.977
15.625,31.738,86.426,-6.348
11.23,36.621,85.449,-17.09
10.742,36.133,77.637,-19.531
17.578,33.203,106.445,-13.184
12.207,25.879,106.445,-10.742
3.906,24.414,72.266,-12.695
0.0,27.832,-28.809,-29.297
-3.906,31.25,61.035,-34.668
2.93,33.203,111.816,-18.066
6.836,29.297,40.527,-10.254
2.93,26.855,91.309,-11.23
7.812,31.25,37.598,-18.066
9.766,33.691,41.016,-26.367
10.742,33.691,98.633,-17.578
20.02,35.645,93.75,-5.371
19.531,38.574,95.703,-8.301
16.113,39.551,19.043,-16.602
17.578,32.715,0.0,-21.973
19.043,31.738,64.941,-12.695
23.926,37.109,68.359,-2.93
25.391,35.645,96.68,-11.719
20.996,35.645,53.223,-17.578
20.508,38.574,21.973,-16.602
23.926,32.715,109.375,-9.277
26.855,32.715,114.258,-0.977
24.414,39.062,68.848,0.0
20.508,36.133,2.441,-12.207
20.508,35.645,2.441,-30.762
22.461,38.086,67.383,-22.461
20.02,37.109,83.496,-4.883
15.137,32.715,62.5,-7.812
11.719,31.738,23.438,-18.066
15.137,36.133,8.301,-23.926
17.578,37.598,102.051,-14.16
19.531,36.133,67.871,-11.23
19.531,33.691,39.551,-14.648
14.16,32.715,57.617,-20.508
12.695,34.668,-7.812,-31.738
14.648,32.715,58.105,-23.438
16.602,32.227,68.359,-4.395
16.602,34.18,82.52,6.836
14.16,28.809,36.621,-0.977
12.695,26.367,-55.664,-15.137
14.16,30.273,40.527,-12.695
15.625,32.715,101.074,-0.488
16.113,36.621,71.289,8.789
14.16,37.109,22.949,7.812
10.742,33.691,-32.227,-4.395
14.16,34.668,82.031,-10.742
21.973,38.086,79.59,1.465
21.973,39.062,51.758,4.395
23.926,40.039,83.496,-5.859
24.902,39.062,-3.418,-16.113
18.555,40.527,30.762,-22.461
20.996,41.504,72.266,-9.766
28.32,39.062,64.453,0.977
27.344,37.109,88.867,0.0
23.438,40.039,41.016,-8.301
22.461,42.969,38.086,-12.695
24.902,41.504,107.422,6.348
26.367,43.457,91.309,18.555
21.484,42.48,55.664,12.207
17.09,39.551,-3.418,1.953
19.531,43.945,38.574,-7.812
20.02,48.34,110.84,2.441
27.344,48.34,100.586,18.066
29.297,44.434,65.43,18.555
18.555,43.945,23.438,4.883
18.555,47.363,38.086,-1.465
27.344,45.41,117.188,11.23
27.344,44.434,53.711,25.879
19.043,46.875,25.879,22.461
15.625,46.387,57.129,-0.977
17.09,43.945,15.625,-16.602
19.531,47.852,103.516,-8.789
20.508,50.293,88.379,4.883
16.113,50.293,59.57,9.277
14.648,54.199,31.738,5.859
19.043,55.664,-30.762,-0.977
24.902,53.711,93.75,-0.977
34.668,52.246,58.105,8.789
33.691,52.734,34.18,9.766
29.297,52.734,85.938,2.441
32.715,49.316,7.324,-4.395
34.668,46.387,68.359,-1.953
33.691,51.758,86.426,12.695
34.668,57.129,93.262,20.996
30.762,54.688,57.129,8.301
29.297,55.664,-4.883,-8.789
31.738,56.641,85.449,-3.906
31.738,54.688,82.52,10.254
34.668,54.688,79.59,13.672
36.621,51.758,116.699,5.371
30.273,52.734,26.855,-2.93
26.855,48.828,87.891,-3.906
33.691,44.922,116.211,7.324
36.621,49.805,53.711,18.066
34.668,48.828,86.426,12.207
35.645,51.758,17.578,-0.488
36.621,57.617,43.457,-5.371
42.969,58.594,125.977,8.789
44.922,57.617,73.73,16.602
37.598,58.105,28.809,13.672
33.203,59.57,31.25,4.883
37.109,57.617,49.805,-6.348
42.48,56.641,101.562,4.395
43.945,62.988,132.324,15.137
43.945,62.012,101.562,11.719
47.363,62.5,14.648,0.977
50.781,65.918,16.602,-5.371
47.363,61.035,99.121,4.883
48.34,58.594,47.852,20.996
52.734,62.012,62.988,17.578
48.828,62.5,60.547,0.0
42.969,59.082,-9.766,-7.812
48.34,56.641,90.332,3.906
52.734,56.641,82.031,20.02
51.758,55.664,40.527,24.902
46.387,53.711,11.23,13.672
42.969,58.105,-2.93,1.465
45.41,61.035,99.609,3.418
50.293,60.547,39.062,12.695
47.363,60.059,36.133,16.602
41.016,57.617,42.969,4.883
39.551,56.152,-25.391,-4.883
41.992,55.176,62.988,1.953
43.457,58.594,25.391,5.859
42.969,60.547,24.414,0.0
41.992,59.57,74.707,-8.301
38.086,62.012,-16.602,-13.672
37.109,61.523,38.086,-6.836
40.039,59.082,58.105,8.789
39.062,53.711,33.203,9.766
40.039,52.246,-4.395,1.465
40.527,57.617,-43.945,-14.16
45.41,58.105,43.457,-14.648
56.152,56.641,67.383,11.719
55.176,53.223,36.621,22.461
51.758,51.27,-11.719,12.695
46.387,56.152,-21.973,-1.953
39.062,58.105,53.223,-5.371
40.039,55.176,68.359,11.719
41.016,52.246,-4.395,21.973
40.527,52.734,32.715,19.531
38.574,53.711,12.207,5.371
40.039,50.293,-4.395,-3.418
47.852,50.293,86.914,13.672
49.805,54.688,65.918,16.113
40.039,51.27,24.414,8.789
36.133,50.293,-24.414,-2.441
41.016,57.129,-43.457,-7.812
46.387,55.176,65.918,10.742
48.828,54.199,30.273,22.949
45.898,56.152,-1.953,19.531
43.457,53.711,-5.371,6.348
41.504,55.664,-45.898,1.953
42.969,56.152,37.598,13.672
45.41,49.316,27.832,22.461
45.41,47.363,-8.789,12.695
41.992,51.758,-61.035,2.441
39.551,47.363,-79.59,0.0
42.48,41.016,5.371,7.324
47.363,41.504,-12.207,20.996
46.387,40.527,-16.602,20.996
45.898,44.434,-22.461,9.277
40.527,45.41,-63.965,-3.906
45.898,42.48,6.348,6.348
55.664,43.945,-29.297,21.973
51.27,43.457,-37.109,24.414
48.828,41.992,-38.086,19.043
47.363,41.016,-118.652,3.906
46.387,37.598,-19.531,10.254
50.293,32.715,-13.672,26.367
46.387,32.715,-48.828,17.578
43.945,37.598,-52.734,4.395
46.387,36.621,-78.125,-2.441
43.457,30.273,15.137,-0.977
49.316,27.832,-12.207,21.484
56.152,29.785,-44.434,32.227
51.758,27.344,-14.16,22.461
50.293,28.32,-62.5,8.789
54.199,28.32,-34.668,3.418
56.641,26.855,12.695,17.09
58.105,26.367,-19.043,23.438
54.199,25.391,-36.621,12.695
48.828,25.879,-97.656,2.93
49.316,25.391,-75.195,4.883
51.758,22.949,40.527,9.766
55.664,24.414,34.668,17.09
55.664,24.902,-16.113,19.043
54.199,23.438,-68.359,9.766
57.129,20.996,-42.48,5.371
61.523,21.484,32.227,13.672
59.57,20.508,33.691,25.879
55.664,12.695,13.184,26.367
52.734,10.254,-63.965,8.301
44.434,11.23,-40.039,-0.488
45.898,12.695,31.738,11.23
50.293,11.23,-20.02,25.391
50.781,10.254,1.953,18.555
50.293,12.207,-28.809,2.441
54.688,14.648,-53.711,1.465
62.5,11.719,57.129,12.695
62.988,8.789,-4.395,25.879
59.57,9.277,-21.973,28.32
53.223,8.789,-5.859,13.672
48.828,7.324,-40.039,8.301
45.41,2.93,68.359,18.555
46.875,0.977,-4.395,21.973
53.711,7.812,-45.898,17.578
46.875,9.766,-3.418,6.348
38.574,6.836,-41.992,-6.836
45.898,6.836,66.895,-8.789
46.387,5.371,39.551,2.441
35.156,-0.977,-35.156,4.883
32.715,-2.441,11.719,1.465
34.18,-0.977,-22.949,-3.418
34.18,-5.859,36.621,-6.348
39.062,-5.371,53.223,13.672
41.016,-0.488,14.16,22.949
41.504,0.0,-52.734,5.859
37.109,-2.93,-70.312,-4.395
33.203,-0.977,39.551,-0.977
37.109,1.465,63.477,5.371
38.574,0.0,51.27,10.254
35.156,-1.465,23.438,6.348
34.668,-4.883,-45.41,-3.906
36.133,-9.766,-2.441,-4.883
40.527,-10.742,57.617,9.277
47.852,-3.906,49.805,20.02
44.922,-0.488,14.16,18.555
39.551,-3.906,-33.203,1.953
41.504,-5.371,17.09,-5.859
43.945,-0.488,58.105,10.254
43.457,-0.488,12.207,20.996
46.875,-0.977,1.953,11.719
47.363,1.465,-20.02,-3.418
44.922,4.395,11.23,-2.93
53.711,2.93,89.844,12.207
56.152,0.977,3.418,20.508
47.363,7.324,-41.504,13.184
41.016,9.766,37.598,-1.465
43.945,6.836,21.973,-6.348
48.34,-0.488,65.43,1.465
51.758,-4.883,73.73,7.324
52.734,-2.441,31.738,5.371
52.246,-2.441,-41.504,-5.371
47.852,-4.395,-3.906,-18.066
44.922,-6.348,114.746,-6.836
50.781,-5.371,27.344,7.324
51.758,-5.859,7.324,10.254
45.898,-9.277,65.43,0.0
41.016,-10.742,1.953,-13.672
44.434,-6.348,75.684,-4.883
41.992,-5.371,62.5,5.859
36.621,-10.742,29.297,-0.488
34.668,-6.836,22.949,-13.184
32.227,0.977,-24.902,-22.461
30.762,-2.441,60.059,-14.16
32.227,-9.277,76.172,7.812
29.785,-5.859,45.41,6.836
30.762,-3.906,24.902,-7.812
32.715,-4.395,-14.648,-16.602
35.645,-2.93,33.691,-9.766
43.945,0.977,63.477,4.883
45.898,0.977,47.852,2.441
44.922,0.977,53.711,-2.93
52.734,6.348,3.906,-6.348
64.453,5.371,31.738,-5.371
70.312,-2.441,106.934,7.324
76.172,1.953,52.246,20.996
76.66,9.277,28.32,11.23
69.824,4.395,30.273,0.488
70.801,-3.906,72.266,1.953
71.777,0.0,138.184,4.883
70.312,6.348,59.57,7.812
66.895,0.0,60.547,-4.395
60.059,0.977,65.43,-19.043
57.129,5.371,71.777,-15.625
54.688,0.488,150.879,-4.883
55.176,2.93,115.234,-2.93
54.688,7.324,62.988,-7.812
52.734,8.301,-20.02,-19.531
48.34,8.789,59.57,-16.113
53.223,5.371,156.738,4.883
57.129,4.883,99.609,14.648
48.828,3.418,81.055,4.883
48.828,4.883,47.363,-14.16
51.27,3.418,34.668,-13.184
58.594,0.977,130.371,6.348
62.5,5.371,59.57,13.184
54.688,4.395,35.156,4.883
50.293,5.371,52.246,-3.906
50.781,5.859,1.953,-14.648
51.27,3.418,127.441,-13.672
55.176,0.977,103.516,1.465
57.129,-1.953,51.758,-1.953
51.27,2.93,103.516,-19.531
42.969,4.883,35.156,-24.414
45.41,0.977,100.098,-12.695
48.828,2.93,112.305,0.488
43.457,4.883,56.152,-3.418
43.457,4.395,26.855,-14.16
40.527,2.93,22.461,-18.555
39.551,0.977,91.797,-15.137
38.086,0.488,74.707,-3.418
36.133,2.441,54.199,6.836
32.715,3.418,19.043,-11.719
30.762,2.93,-8.789,-30.273
35.645,5.371,92.285,-22.461
40.527,7.324,117.676,-10.254
42.969,10.742,13.184,-11.719
35.156,13.184,6.348,-20.02
25.879,9.766,-31.738,-26.855
20.02,7.812,-6.348,-28.809
20.02,7.812,40.039,-18.555
17.578,3.906,-24.414,-10.254
12.207,4.395,-124.512,-16.602
14.16,3.418,-163.574,-30.762
15.625,1.465,35.156,-25.879
20.996,5.859,142.578,-4.395
22.461,8.789,-6.348,0.0
17.578,5.859,-23.438,-5.859
16.602,6.348,-6.836,-11.719
20.02,8.301,-41.504,-16.113
21.484,4.395,-19.043,-7.812
19.531,3.906,-123.535,-3.418
19.531,9.277,-143.555,-8.789
12.207,4.395,-136.23,-17.578
10.254,-0.488,-173.828,-16.602
16.602,8.301,-95.703,-2.441
19.043,14.648,-98.633,0.0
20.508,14.648,-95.215,-7.812
14.16,12.207,-59.57,-21.484
7.812,12.207,-109.863,-22.461
13.184,14.16,-15.137,-14.648
18.066,10.254,-31.25,-11.23
17.578,8.301,-18.066,-12.695
14.16,11.719,-17.09,-24.414
6.348,7.812,-52.734,-28.32
7.812,6.836,49.805,-19.531
9.766,10.254,66.406,-5.859
9.277,12.207,20.996,1.953
14.648,15.137,34.668,-12.695
14.648,16.602,40.039,-27.832
11.23,13.184,100.586,-21.484
12.695,9.766,84.961,-6.836
12.695,8.789,33.691,-4.395
6.836,8.301,31.738,-16.113
8.789,7.812,-9.277,-26.367
18.555,9.766,64.941,-20.996
20.508,8.301,106.934,-9.277
15.625,7.324,95.215,-3.418
16.113,12.207,49.805,-9.277
11.719,13.184,-8.301,-25.879
9.277,10.254,104.98,-26.367
4.883,9.766,118.652,-12.695
-0.488,9.766,100.098,-11.23
3.906,8.301,79.102,-21.484
0.0,7.324,8.789,-31.25
-2.441,12.695,55.664,-38.086
4.395,16.113,127.441,-30.762
7.812,13.184,28.809,-21.973
9.277,12.207,26.855,-34.18
4.395,13.184,81.055,-47.852
4.883,13.184,41.992,-42.48
13.672,15.625,95.703,-26.855
11.719,14.648,93.75,-17.09
10.742,11.719,71.777,-20.996
3.906,13.184,16.602,-39.062
1.953,15.137,33.691,-38.574
8.301,16.113,125.488,-22.949
9.766,15.137,43.945,-19.531
10.742,14.16,14.16,-20.996
8.301,11.23,43.457,-32.715
10.254,8.789,29.297,-39.062
14.648,9.277,105.957,-23.438
11.719,10.742,66.895,-12.695
10.254,11.719,12.207,-18.066
9.766,10.742,-0.488,-33.203
7.812,14.648,13.672,-40.527
10.254,19.043,127.93,-30.762
14.648,19.043,59.57,-25.391
10.742,18.555,-31.738,-33.203
0.488,14.16,23.926,-44.922
0.0,8.789,44.434,-51.758
6.836,10.254,97.168,-38.574
8.301,14.16,43.945,-19.043
6.348,14.648,21.484,-22.461
3.418,19.043,-0.488,-40.527
4.395,20.508,-64.453,-47.363
6.348,19.531,66.406,-43.457
12.207,20.508,96.191,-33.203
12.695,19.531,23.438,-26.367
4.883,15.625,24.902,-41.992
6.836,17.578,12.695,-50.781
13.672,14.648,60.059,-35.645
15.137,8.301,78.125,-24.902
10.742,11.719,8.789,-25.879
6.836,16.113,29.785,-35.645
1.465,16.113,-6.348,-47.852
0.0,14.648,21.973,-47.852
3.906,12.695,78.125,-37.109
3.418,15.625,-5.371,-36.133
4.883,19.531,-4.883,-50.781
0.0,17.09,11.23,-59.57
-6.348,13.672,43.945,-52.246
-2.93,14.648,99.121,-40.039
-2.441,14.648,59.57,-36.621
-5.371,14.648,33.203,-44.922
-9.277,18.066,-16.113,-63.965
-9.277,18.066,13.184,-67.383
-2.93,16.602,91.797,-46.875
-0.977,16.602,57.129,-40.039
5.371,18.066,-20.02,-44.434
8.789,18.555,-13.672,-50.293
5.859,18.066,47.852,-57.129
8.301,18.066,116.699,-47.852
12.695,16.602,18.555,-36.621
6.836,13.184,-20.996,-37.109
-1.953,13.184,35.156,-41.992
-3.418,14.648,38.574,-40.527
0.488,13.184,84.961,-28.809
4.883,13.184,53.711,-20.508
3.418,13.672,41.992,-25.391
4.883,17.578,-21.484,-40.039
1.953,20.996,-49.316,-48.34
-2.441,19.043,103.027,-41.504
2.93,18.555,90.82,-33.691
7.812,19.531,-12.695,-36.621
1.465,20.508,22.461,-47.852
-1.953,20.996,29.297,-51.27
3.906,19.531,83.984,-40.039
8.789,21.484,61.523,-25.391
5.859,25.879,1.953,-24.902
-1.953,23.438,3.906,-46.387
-3.906,18.066,-1.953,-62.012
-4.883,19.531,44.922,-50.781
-3.418,24.902,58.105,-29.297
2.93,24.414,46.387,-22.949
6.348,19.531,36.621,-32.227
5.371,16.602,-28.809,-42.969
2.93,18.066,41.016,-43.945
-3.418,16.113,86.426,-32.227
-6.348,14.16,14.16,-26.367
-6.836,14.16,11.23,-39.551
-12.695,9.277,-1.465,-55.176
-11.719,7.812,45.41,-52.246
-2.441,12.695,102.051,-37.598
1.465,15.137,5.859,-28.809
-2.93,14.16,-17.09,-33.203
-8.789,16.113,-4.395,-50.781
-8.301,17.09,40.039,-55.176
-6.348,11.719,124.023,-41.504
-4.883,15.625,-17.578,-36.621
-7.812,19.043,-23.438,-48.828
-10.742,13.184,32.227,-60.547
-11.719,11.23,4.395,-60.547
-7.812,11.719,58.594,-43.457
-1.465,12.695,37.109,-34.18
-5.371,13.672,12.695,-45.898
-12.207,12.207,-48.828,-63.965
-11.719,13.672,-44.434,-65.43
-12.207,15.137,80.566,-48.34
-11.23,14.16,33.691,-37.598
-13.672,17.09,-27.832,-45.898
-22.461,19.043,-40.039,-61.035
-20.508,14.648,-23.926,-68.359
-15.625,14.648,110.84,-58.105
-10.742,20.508,33.203,-46.875
-5.859,23.438,-33.691,-51.758
-15.137,21.973,-19.043,-65.43
-16.113,17.578,-8.789,-73.242
-12.207,18.555,71.289,-63.477
-16.113,19.531,24.902,-54.199
-12.207,19.531,-51.27,-52.246
-10.254,21.973,11.23,-62.988
-13.672,24.902,47.852,-72.754
-17.578,22.461,58.105,-64.941
-14.16,20.996,69.824,-48.828
-11.23,22.949,-11.23,-45.41
-12.207,20.508,-26.855,-55.664
-12.695,20.508,4.883,-60.547
-12.207,19.043,56.152,-51.758
-8.301,16.602,65.918,-39.551
-10.254,20.02,29.785,-40.039
-13.184,22.949,-0.488,-57.617
-10.742,23.438,-24.902,-63.965
-10.742,22.949,75.195,-53.223
-11.23,19.043,132.324,-43.457
-6.348,15.625,-0.977,-41.016
-12.695,17.578,-21.973,-56.152
-20.508,20.02,48.828,-72.266
-20.508,16.602,63.477,-58.105
-15.137,17.578,87.891,-37.598
-12.207,21.484,40.527,-31.25
-11.719,25.879,25.391,-38.086
-10.254,31.25,1.953,-56.152
-4.883,31.25,2.441,-55.664
-5.859,27.344,116.699,-45.41
-11.23,24.902,76.172,-35.645
-11.719,27.344,22.461,-48.34
-15.137,27.832,-4.883,-69.336
-12.207,23.926,9.766,-64.941
-8.789,23.926,102.051,-51.758
-7.812,22.461,14.16,-38.574
-3.418,20.508,-18.066,-38.086
-5.371,18.555,29.297,-51.27
-9.277,20.996,14.648,-58.594
-9.277,24.414,71.289,-47.852
-10.254,22.949,18.555,-32.715
-8.789,21.973,13.184,-42.48
-11.23,24.414,26.367,-59.082
-11.719,27.344,2.441,-65.43
-10.254,23.926,80.566,-55.664
-10.742,20.996,43.945,-40.039
-5.371,22.461,-12.207,-41.992
-6.348,24.902,-5.859,-53.711
-3.418,26.367,3.906,-56.152
1.465,23.438,49.805,-41.504
0.977,20.996,39.062,-34.18
2.441,23.926,-6.348,-41.504
-4.395,30.273,-58.105,-46.875
-11.719,31.25,-18.555,-56.152
-6.836,27.832,70.312,-52.734
-3.906,25.879,40.039,-36.621
-5.859,23.438,-48.34,-33.203
-10.254,25.879,-126.953,-44.434
-14.648,28.809,-162.109,-56.641
-7.812,26.367,-88.379,-45.41
-5.371,24.902,-69.824,-32.715
-10.742,25.879,-159.668,-31.738
-10.254,22.949,-146.484,-34.18
-7.812,24.414,-80.078,-49.316
-1.465,32.227,-14.16,-44.922
4.883,30.273,97.168,-25.879
4.395,22.461,15.137,-26.855
-1.953,22.949,-10.742,-40.039
-9.277,26.855,14.648,-52.246
-4.395,24.414,26.855,-46.875
0.0,23.926,131.348,-36.133
-3.906,25.391,37.109,-30.762
-5.859,26.855,-90.332,-41.992
-9.766,23.438,-149.902,-64.941
-6.836,19.531,-137.207,-51.27
0.0,24.414,-105.469,-36.621
-3.418,23.438,-213.379,-38.086
-4.395,20.02,-206.543,-41.016
-3.418,23.926,-147.949,-57.129
-7.324,25.879,-165.527,-61.523
-4.883,21.973,-103.027,-49.316
-2.441,20.508,-145.02,-34.668
-8.301,20.02,-185.547,-43.945
-15.625,19.043,-195.312,-66.895
-15.625,21.484,-148.926,-67.871
-11.23,20.996,-73.242,-52.734
-13.672,21.484,-134.277,-39.551
-13.672,21.973,-193.359,-45.41
-15.625,20.508,-201.66,-64.941
-19.043,28.32,-141.602,-72.754
-12.695,32.715,-31.738,-61.035
-5.371,26.855,-87.891,-46.875
-7.324,25.879,-207.031,-51.27
-10.742,24.902,-139.16,-73.73
-5.371,24.902,-87.402,-77.637
0.0,30.762,6.348,-61.523
0.0,28.32,98.633,-48.34
0.0,25.391,54.688,-47.852
-4.883,27.832,72.754,-64.453
-10.254,27.832,103.516,-77.148
-14.648,25.879,172.363,-68.359
-14.648,25.391,221.68,-55.664
-15.137,26.367,134.277,-56.152
-13.672,26.855,100.586,-68.359
-9.277,27.832,154.297,-76.66
-9.766,27.344,185.059,-62.012
-8.789,24.414,204.102,-44.434
-5.371,17.578,170.898,-46.875
-9.277,14.16,117.676,-63.965
-14.648,16.602,98.145,-76.172
-13.184,22.461,173.828,-62.5
-9.277,20.996,208.008,-45.898
-6.836,15.625,105.957,-40.039
-17.09,17.578,79.102,-48.828
-25.391,19.531,102.539,-74.219
-20.508,24.414,151.855,-73.73
-14.16,25.391,185.547,-58.594
-10.254,21.484,83.984,-57.617
-15.625,20.508,62.988,-66.895
-20.996,20.996,64.941,-78.125
-18.555,22.949,80.566,-77.148
-13.672,22.461,156.738,-64.453
-11.23,23.926,77.148,-52.246
-14.16,22.949,21.484,-58.105
-14.16,19.043,46.387,-71.289
-8.301,26.855,71.777,-68.848
-5.371,30.762,145.996,-53.223
-4.883,27.344,87.891,-44.434
-1.953,24.414,59.082,-42.969
-4.883,27.344,76.172,-59.57
-3.906,34.668,70.312,-66.895
-0.488,33.691,151.367,-45.898
1.465,30.762,90.332,-38.086
3.906,30.273,19.043,-48.34
-0.488,30.762,89.844,-63.477
-3.906,29.785,86.426,-64.453
-2.441,25.879,118.652,-46.875
-6.348,28.32,136.719,-39.551
-7.812,29.785,45.898,-47.852
-6.836,29.297,59.082,-55.176
-3.906,34.668,92.773,-55.176
2.441,35.156,128.906,-44.434
12.207,33.203,159.18,-32.715
16.602,33.203,83.984,-33.203
12.695,34.668,34.18,-48.828
10.254,34.18,35.645,-54.199
8.789,31.738,121.094,-45.898
1.953,28.32,127.441,-41.992
-1.953,28.809,61.523,-43.945
-0.488,32.715,51.27,-52.734
-12.695,31.738,62.012,-61.523
-15.625,31.25,103.516,-46.875
-7.324,33.203,151.367,-27.344
-2.93,32.715,31.25,-27.832
-5.859,31.738,0.977,-40.039
-9.766,31.25,66.895,-56.152
-13.184,31.738,100.586,-47.852
-14.648,34.668,139.16,-27.832
-10.742,42.48,88.867,-28.32
-7.324,44.434,38.574,-49.316
-7.324,38.086,-7.812,-69.336
-4.395,38.086,88.867,-58.105
-3.418,36.133,187.012,-32.715
-4.395,30.762,66.406,-21.484
-9.277,32.715,4.395,-40.527
-10.254,28.32,64.453,-61.523
-8.789,21.973,79.59,-55.664
-7.812,26.367,139.16,-41.016
-4.883,32.715,65.918,-35.156
-8.789,33.203,4.883,-42.48
-13.184,34.18,68.848,-54.688
-9.766,32.715,85.449,-49.316
-4.395,35.645,131.348,-33.691
-3.418,39.551,103.027,-23.438
-2.93,36.621,10.742,-33.203
-2.441,34.18,64.941,-56.152
1.953,34.18,93.262,-56.641
4.883,33.203,130.371,-41.992
3.418,30.273,96.68,-39.551
3.906,33.691,17.09,-41.504
-3.418,34.18,34.668,-51.27
-8.301,35.645,41.992,-54.688
-5.859,38.086,100.098,-35.645
-3.418,34.18,98.633,-23.438
-4.883,31.25,9.766,-31.25
-12.695,31.738,4.395,-50.293
-14.648,33.691,70.312,-59.57
-5.371,37.598,130.371,-46.875
-7.324,38.574,135.742,-33.203
-8.301,41.016,-4.395,-39.551
-5.371,40.039,-19.531,-51.27
